"sp","lon","lat"
"Akodon cursor",-36.18,-10.14
"Akodon cursor",-37.29,-10.81
"Akodon cursor",-37.42,-11.26
"Akodon cursor",-39.04,-13.53
"Akodon cursor",-39.14,-14.02
"Akodon cursor",-39.17,-15.21
"Akodon cursor",-38.94,-16.02
"Akodon cursor",-39.3,-16.51
"Akodon cursor",-39.84,-17.17
"Akodon cursor",-39.67,-17.29
"Akodon cursor",-43.35,-19.87
"Akodon cursor",-43.37,-19.9
"Akodon cursor",-40.53,-19.95
"Akodon cursor",-40.58,-19.95
"Akodon cursor",-40.6,-19.96
"Akodon cursor",-40.54,-19.97
"Akodon cursor",-40.58,-19.97
"Akodon cursor",-40.46,-20.37
"Akodon cursor",-40.45,-20.38
"Akodon cursor",-40.47,-20.38
"Akodon cursor",-41.87,-21.48
"Akodon cursor",-42.76,-22.47
"Akodon cursor",-43.01,-22.47
"Akodon cursor",-42.86,-22.51
"Akodon cursor",-42.88,-22.51
"Akodon cursor",-42.79,-22.52
"Akodon cursor",-42.35,-22.53
"Akodon cursor",-42.33,-22.54
"Akodon cursor",-42.8,-22.54
"Akodon cursor",-42.95,-22.56
"Akodon cursor",-42.97,-22.56
"Akodon cursor",-42.9,-22.58
"Akodon cursor",-42.86,-22.59
"Akodon cursor",-43.44,-22.92
"Akodon cursor",-43.46,-22.94
"Akodon cursor",-42.83,-22.95
"Akodon cursor",-44.09,-22.98
"Akodon cursor",-46.96,-23.67
"Akodon cursor",-48.1,-24.22
"Akodon cursor",-47.92,-25.07
"Akodon cursor",-48.64,-25.61
"Akodon cursor",-48.6,-25.66
"Akodon cursor",-48.6,-25.74
"Akodon cursor",-48.51,-27.6
"Akodon cursor",-35.07,-7.87
"Akodon cursor",-48.75,-22.17
"Akodon cursor",-48.03,-25.2
"Akodon cursor",-47.93,-25.16
"Akodon cursor",-47.85,-24.38
"Akodon cursor",-47.55,-24.72
"Akodon cursor",-47.05,-23.97
"Akodon cursor",-45.26,-16.51
"Akodon cursor",-44.83,-23.37
"Akodon cursor",-44.62,-22.43
"Akodon cursor",-44.58,-23.03
"Akodon cursor",-44.53,-22.32
"Akodon cursor",-44.51,-23.02
"Akodon cursor",-44.38,-22.88
"Akodon cursor",-44.37,-22.8
"Akodon cursor",-44.1,-22.92
"Akodon cursor",-44.02,-22.52
"Akodon cursor",-43.75,-18.09
"Akodon cursor",-43.73,-22.53
"Akodon cursor",-43.71,-22.61
"Akodon cursor",-43.43,-19.03
"Akodon cursor",-43.32,-21.97
"Akodon cursor",-43.27,-19.61
"Akodon cursor",-43.22,-22.85
"Akodon cursor",-42.97,-22.41
"Akodon cursor",-42.88,-20.75
"Akodon cursor",-42.87,-22.48
"Akodon cursor",-42.81,-16.62
"Akodon cursor",-42.77,-17.13
"Akodon cursor",-42.75,-22.52
"Akodon cursor",-42.75,-20.37
"Akodon cursor",-42.73,-22.42
"Akodon cursor",-42.7,-18.82
"Akodon cursor",-42.69,-17.08
"Akodon cursor",-42.67,-22.77
"Akodon cursor",-42.65,-22.03
"Akodon cursor",-42.65,-19.72
"Akodon cursor",-42.53,-22.28
"Akodon cursor",-42.45,-20.72
"Akodon cursor",-42.39,-22.65
"Akodon cursor",-42.28,-20.73
"Akodon cursor",-42.05,-22.23
"Akodon cursor",-42,-20.13
"Akodon cursor",-41.86,-19.07
"Akodon cursor",-41.72,-20.48
"Akodon cursor",-41.4,-12.55
"Akodon cursor",-41.35,-12.6
"Akodon cursor",-41.26,-12.8
"Akodon cursor",-41.25,-16.72
"Akodon cursor",-41.18,-20.6
"Akodon cursor",-40.82,-18.87
"Akodon cursor",-40.67,-20.37
"Akodon cursor",-40.6,-19.92
"Akodon cursor",-40.47,-19.27
"Akodon cursor",-40.42,-20.27
"Akodon cursor",-40,-18.78
"Akodon cursor",-39.74,-17.54
"Akodon cursor",-39.37,-15.45
"Akodon cursor",-39.17,-14.7
"Akodon cursor",-39.07,-15.3
"Akodon cursor",-39.04,-13.49
"Akodon cursor",-39.01,-15.35
"Akodon cursor",-35.83,-8.72
"Akodon cursor",-35.07,-7.12
"Akodon cursor",-34.98,-7.97
"Akodon montensis",-43.88,-19.63
"Akodon montensis",-40.61,-20.77
"Akodon montensis",-44.85,-20.91
"Akodon montensis",-44.84,-20.92
"Akodon montensis",-50.33,-20.92
"Akodon montensis",-48.01,-21.08
"Akodon montensis",-57.48,-21.08
"Akodon montensis",-44.99,-21.29
"Akodon montensis",-44.99,-21.3
"Akodon montensis",-44.56,-21.58
"Akodon montensis",-44.56,-21.59
"Akodon montensis",-48.17,-21.78
"Akodon montensis",-48.77,-22.18
"Akodon montensis",-42.72,-22.2
"Akodon montensis",-55.28,-22.25
"Akodon montensis",-47.48,-22.36
"Akodon montensis",-42.87,-22.38
"Akodon montensis",-44.72,-22.38
"Akodon montensis",-52.37,-22.4
"Akodon montensis",-47.55,-22.4
"Akodon montensis",-42.53,-22.43
"Akodon montensis",-52.28,-22.52
"Akodon montensis",-46.92,-22.72
"Akodon montensis",-44.68,-22.83
"Akodon montensis",-43.44,-22.93
"Akodon montensis",-45.08,-23.32
"Akodon montensis",-48.47,-23.34
"Akodon montensis",-48.44,-23.39
"Akodon montensis",-45.23,-23.43
"Akodon montensis",-46.96,-23.67
"Akodon montensis",-46.95,-23.68
"Akodon montensis",-46.95,-23.72
"Akodon montensis",-47,-23.74
"Akodon montensis",-47.12,-23.77
"Akodon montensis",-47.67,-23.93
"Akodon montensis",-55.45,-24.12
"Akodon montensis",-56.42,-24.12
"Akodon montensis",-55.32,-24.13
"Akodon montensis",-55.43,-24.15
"Akodon montensis",-55.7,-24.15
"Akodon montensis",-55.27,-24.15
"Akodon montensis",-55.37,-24.15
"Akodon montensis",-48.1,-24.22
"Akodon montensis",-48.33,-24.29
"Akodon montensis",-54.65,-24.45
"Akodon montensis",-55.35,-24.54
"Akodon montensis",-54.47,-24.82
"Akodon montensis",-56.48,-24.98
"Akodon montensis",-53.65,-25.07
"Akodon montensis",-57.32,-25.1
"Akodon montensis",-48.97,-25.48
"Akodon montensis",-55.48,-25.55
"Akodon montensis",-54.57,-25.58
"Akodon montensis",-48.6,-25.74
"Akodon montensis",-54.55,-25.97
"Akodon montensis",-56.83,-26.07
"Akodon montensis",-48.55,-26.26
"Akodon montensis",-51.33,-26.43
"Akodon montensis",-55.76,-26.46
"Akodon montensis",-55.88,-26.48
"Akodon montensis",-53.98,-26.52
"Akodon montensis",-58.1,-26.55
"Akodon montensis",-58.07,-26.63
"Akodon montensis",-49.67,-26.7
"Akodon montensis",-49.1,-27.05
"Akodon montensis",-54.95,-27.08
"Akodon montensis",-51.78,-27.14
"Akodon montensis",-51.73,-27.17
"Akodon montensis",-58.38,-27.18
"Akodon montensis",-48.51,-27.53
"Akodon montensis",-48.51,-27.6
"Akodon montensis",-55.32,-27.6
"Akodon montensis",-52.22,-28.04
"Akodon montensis",-52.19,-28.32
"Akodon montensis",-50.3,-29.27
"Akodon montensis",-50.2,-29.32
"Akodon montensis",-49.76,-29.37
"Akodon montensis",-50.19,-29.38
"Akodon montensis",-50.39,-29.42
"Akodon montensis",-50.15,-29.43
"Akodon montensis",-50.21,-29.48
"Akodon montensis",-50.2,-29.49
"Akodon montensis",-50.11,-29.51
"Akodon montensis",-53.85,-29.79
"Akodon montensis",-51.03,-30.23
"Akodon montensis",-50.35,-30.38
"Brucepattersonius iheringi",-48.65,-27.1
"Brucepattersonius iheringi",-48.8,-27.7
"Brucepattersonius iheringi",-48.9,-27.7
"Brucepattersonius iheringi",-49.1,-26.9
"Brucepattersonius iheringi",-49.2,-26.9
"Brucepattersonius iheringi",-49.4,-27.4
"Brucepattersonius iheringi",-49.5,-26.7
"Brucepattersonius iheringi",-50,-29.2
"Brucepattersonius iheringi",-50,-28.8
"Brucepattersonius iheringi",-50.4,-25.9
"Brucepattersonius iheringi",-50.4,-26.2
"Brucepattersonius iheringi",-51,-27.5
"Brucepattersonius iheringi",-51.2,-27.1
"Brucepattersonius iheringi",-51.9,-25.5
"Brucepattersonius iheringi",-52.1,-26.5
"Brucepattersonius iheringi",-52.3,-27.3
"Brucepattersonius iheringi",-52.4,-27
"Brucepattersonius iheringi",-52.4,-27.1
"Brucepattersonius iheringi",-52.5,-27
"Brucepattersonius iheringi",-52.6,-27.2
"Brucepattersonius iheringi",-52.6,-27.1
"Brucepattersonius iheringi",-52.9,-27.3
"Brucepattersonius iheringi",-53.7,-27.2
"Brucepattersonius iheringi",-50.7,-29.5
"Calomys expulsus",-39.14,-14.02
"Calomys expulsus",-45.96,-15.99
"Calomys expulsus",-47.93,-15.98
"Calomys expulsus",-47.85,-15.87
"Calomys expulsus",-47.94,-15.94
"Calomys expulsus",-45.9,-15.38
"Calomys expulsus",-56.85,-20.7
"Calomys expulsus",-47.13,-14.97
"Calomys expulsus",-46.28,-13.61
"Calomys expulsus",-48,-15.7
"Calomys expulsus",-48.01,-15.7
"Calomys expulsus",-48.01,-15.71
"Calomys expulsus",-47.99,-15.71
"Calomys expulsus",-47.71,-14.09
"Calomys expulsus",-47.7,-14.09
"Calomys expulsus",-46.11,-14.5
"Calomys expulsus",-51.72,-17.89
"Calomys expulsus",-45.96,-13.91
"Calomys expulsus",-45.96,-13.92
"Calomys expulsus",-45.9,-14.06
"Calomys expulsus",-45.87,-14.04
"Calomys expulsus",-45.95,-13.95
"Calomys expulsus",-45.95,-14
"Calomys expulsus",-45.92,-14.02
"Calomys expulsus",-48.05,-15.56
"Calomys expulsus",-47.26,-15.63
"Calomys expulsus",-57.05,-15.45
"Calomys expulsus",-44.15,-19.47
"Calomys expulsus",-57.56,-19.21
"Calomys expulsus",-57.63,-19.2
"Calomys expulsus",-47.82,-15.88
"Calomys expulsus",-47.82,-15.87
"Calomys expulsus",-47.87,-15.93
"Calomys expulsus",-47.84,-15.88
"Calomys expulsus",-50.72,-18.43
"Calomys expulsus",-55.3,-20.56
"Calomys expulsus",-52.89,-18.26
"Calomys expulsus",-51.97,-18.66
"Calomys expulsus",-45.95,-14.78
"Calomys expulsus",-47.71,-14.08
"Calomys expulsus",-48.33,-13.87
"Calomys expulsus",-43.95,-19.63
"Calomys expulsus",-47.83,-15.92
"Calomys expulsus",-47.71,-15.61
"Calomys expulsus",-48.96,-12.18
"Calomys tener",-48.01,-21.08
"Calomys tener",-44.56,-21.59
"Calomys tener",-47.48,-22.36
"Calomys tener",-52.37,-22.4
"Calomys tener",-52.28,-22.52
"Calomys tener",-47.63,-22.69
"Calomys tener",-48.47,-23.34
"Calomys tener",-48.44,-23.39
"Calomys tener",-45.23,-23.43
"Calomys tener",-46.96,-23.67
"Calomys tener",-55.35,-24.54
"Calomys tener",-55.76,-26.46
"Calomys tener",-48.51,-27.6
"Calomys tener",-47.85,-15.87
"Calomys tener",-47.94,-15.94
"Calomys tener",-45.9,-15.38
"Calomys tener",-44.17,-8.83
"Calomys tener",-43.97,-20.05
"Calomys tener",-48.57,-20.13
"Calomys tener",-46.28,-13.61
"Calomys tener",-48,-15.7
"Calomys tener",-48.01,-15.7
"Calomys tener",-47.99,-15.71
"Calomys tener",-47.71,-14.09
"Calomys tener",-47.7,-14.09
"Calomys tener",-51.72,-17.89
"Calomys tener",-45.97,-13.94
"Calomys tener",-45.9,-14.06
"Calomys tener",-45.87,-14.04
"Calomys tener",-45.95,-13.95
"Calomys tener",-45.95,-14
"Calomys tener",-45.92,-14.02
"Calomys tener",-48.03,-15.6
"Calomys tener",-47.29,-15.56
"Calomys tener",-47.63,-15.88
"Calomys tener",-47.71,-15.61
"Calomys tener",-57.05,-15.45
"Calomys tener",-45.01,-20.27
"Calomys tener",-55.45,-24.12
"Calomys tener",-46.85,-11.23
"Calomys tener",-46.17,-10.63
"Calomys tener",-52.89,-18.16
"Calomys tener",-52.95,-18.07
"Calomys tener",-52.87,-18.19
"Calomys tener",-53,-18.12
"Calomys tener",-52.89,-18.29
"Calomys tener",-52.88,-18.25
"Calomys tener",-52.82,-18.33
"Calomys tener",-47.87,-15.93
"Calomys tener",-47.84,-15.88
"Calomys tener",-50.72,-18.43
"Calomys tener",-51.97,-18.66
"Calomys tener",-45.95,-14.78
"Calomys tener",-45.97,-14.8
"Calomys tener",-45.97,-14.77
"Calomys tener",-48.77,-11.33
"Calomys tener",-47.64,-14.12
"Calomys tener",-43.63,-19.33
"Calomys tener",-43.97,-19.61
"Calomys tener",-43.95,-19.65
"Calomys tener",-43.13,-16.05
"Calomys tener",-44.43,-13.62
"Calomys tener",-48.93,-11.01
"Calomys tener",-48.3,-13.83
"Calomys tener",-48.08,-15.05
"Calomys tener",-48.81,-15.92
"Calomys tener",-47.4,-20.53
"Calomys tener",-47.31,-21.25
"Calomys tener",-46.9,-22.74
"Calomys tener",-47.06,-22.9
"Calomys tener",-48.32,-24.06
"Calomys tener",-51.57,-21.39
"Calomys tener",-50.97,-30.01
"Calomys tener",-50.27,-29.67
"Calomys tener",-55.71,-29.57
"Calomys tener",-55.27,-27.58
"Calomys tener",-55.87,-27.53
"Calomys tener",-56,-27.43
"Calomys tener",-58.38,-27.18
"Calomys tener",-55.53,-25.68
"Calomys tener",-55.49,-25.6
"Calomys tener",-55.28,-24.16
"Castoria angustidens",-41.86,-21.87
"Castoria angustidens",-52.37,-22.4
"Castoria angustidens",-52.28,-22.52
"Castoria angustidens",-46.96,-23.67
"Castoria angustidens",-48.09,-24.23
"Castoria angustidens",-48.33,-24.29
"Castoria angustidens",-51.33,-26.43
"Castoria angustidens",-49.67,-26.7
"Castoria angustidens",-48.51,-27.6
"Castoria angustidens",-43.88,-19.62
"Castoria angustidens",-42.02,-20.12
"Castoria angustidens",-41.72,-20.48
"Castoria angustidens",-41.8,-20.43
"Castoria angustidens",-40.98,-20.52
"Castoria angustidens",-42.52,-20.67
"Castoria angustidens",-42.1,-20.93
"Castoria angustidens",-46.17,-21.68
"Castoria angustidens",-41.68,-21.75
"Castoria angustidens",-46.72,-21.92
"Castoria angustidens",-44.68,-22.33
"Castoria angustidens",-44.57,-22.35
"Castoria angustidens",-42.5,-22.37
"Castoria angustidens",-44.67,-22.38
"Castoria angustidens",-44.62,-22.43
"Castoria angustidens",-42.53,-22.43
"Castoria angustidens",-43.02,-22.45
"Castoria angustidens",-42.65,-22.45
"Castoria angustidens",-45.08,-22.47
"Castoria angustidens",-45.58,-22.73
"Castoria angustidens",-44.68,-22.83
"Castoria angustidens",-44.83,-23.18
"Castoria angustidens",-49.07,-23.6
"Castoria angustidens",-45.87,-23.63
"Castoria angustidens",-46.72,-23.72
"Castoria angustidens",-46.3,-23.77
"Castoria angustidens",-48.42,-24.33
"Castoria angustidens",-49.07,-25.35
"Castoria angustidens",-49,-25.43
"Castoria angustidens",-49.2,-25.53
"Castoria angustidens",-49.27,-25.95
"Castoria angustidens",-54.08,-25.98
"Castoria angustidens",-54.02,-27.2
"Castoria angustidens",-49.15,-27.7
"Castoria angustidens",-50.82,-27.97
"Castoria angustidens",-49.6,-28.02
"Castoria angustidens",-49.98,-29.07
"Castoria angustidens",-50.58,-29.43
"Castoria angustidens",-50.2,-29.48
"Cerradomys scotti",-47.85,-15.87
"Cerradomys scotti",-47.94,-15.94
"Cerradomys scotti",-47.95,-16
"Cerradomys scotti",-45.9,-15.38
"Cerradomys scotti",-56.85,-20.7
"Cerradomys scotti",-57.05,-15.45
"Cerradomys scotti",-44.17,-8.83
"Cerradomys scotti",-47.23,-10.5
"Cerradomys scotti",-47.13,-14.97
"Cerradomys scotti",-48.01,-15.73
"Cerradomys scotti",-43.97,-20.05
"Cerradomys scotti",-46.28,-13.61
"Cerradomys scotti",-48,-15.7
"Cerradomys scotti",-48.01,-15.7
"Cerradomys scotti",-47.99,-15.71
"Cerradomys scotti",-47.71,-14.1
"Cerradomys scotti",-47.7,-14.09
"Cerradomys scotti",-46.11,-14.5
"Cerradomys scotti",-45.96,-13.91
"Cerradomys scotti",-45.97,-13.94
"Cerradomys scotti",-45.9,-14.06
"Cerradomys scotti",-45.95,-13.95
"Cerradomys scotti",-45.95,-14
"Cerradomys scotti",-45.92,-14.02
"Cerradomys scotti",-55.33,-20.52
"Cerradomys scotti",-55.28,-20.4
"Cerradomys scotti",-47.87,-15.68
"Cerradomys scotti",-61,-14.75
"Cerradomys scotti",-46.85,-11.23
"Cerradomys scotti",-47.82,-15.88
"Cerradomys scotti",-47.82,-15.87
"Cerradomys scotti",-52.95,-18.07
"Cerradomys scotti",-52.87,-18.19
"Cerradomys scotti",-52.89,-18.29
"Cerradomys scotti",-52.88,-18.25
"Cerradomys scotti",-52.82,-18.33
"Cerradomys scotti",-47.87,-15.93
"Cerradomys scotti",-47.88,-15.94
"Cerradomys scotti",-47.84,-15.88
"Cerradomys scotti",-57.48,-21.08
"Cerradomys scotti",-51.97,-18.66
"Cerradomys scotti",-45.93,-14.77
"Cerradomys scotti",-45.97,-14.82
"Cerradomys scotti",-45.97,-14.77
"Cerradomys scotti",-47.71,-14.08
"Cerradomys scotti",-43.63,-19.33
"Cerradomys subflavus",-37.29,-10.81
"Cerradomys subflavus",-39.64,-15.93
"Cerradomys subflavus",-39.42,-16.29
"Cerradomys subflavus",-39.84,-17.17
"Cerradomys subflavus",-42.81,-20.24
"Cerradomys subflavus",-42.88,-20.25
"Cerradomys subflavus",-44.85,-20.91
"Cerradomys subflavus",-44.92,-21.26
"Cerradomys subflavus",-44.99,-21.29
"Cerradomys subflavus",-44.99,-21.3
"Cerradomys subflavus",-44.56,-21.58
"Cerradomys subflavus",-44.56,-21.59
"Cerradomys subflavus",-42.86,-22.59
"Cerradomys subflavus",-48.47,-23.34
"Cerradomys subflavus",-46.96,-23.67
"Cerradomys subflavus",-47.85,-15.87
"Cerradomys subflavus",-47.94,-15.94
"Cerradomys subflavus",-43.97,-20.05
"Cerradomys subflavus",-46.02,-16.62
"Cerradomys subflavus",-44.15,-19.47
"Cerradomys subflavus",-43.63,-19.33
"Cerradomys subflavus",-43.97,-20.04
"Cerradomys subflavus",-48.33,-13.86
"Cerradomys subflavus",-48.33,-13.88
"Cerradomys subflavus",-43.88,-19.99
"Cerradomys subflavus",-43.97,-19.61
"Cerradomys subflavus",-43.95,-19.63
"Cerradomys subflavus",-43.13,-16.05
"Cerradomys subflavus",-47.86,-15.94
"Clyomys laticeps",-48.02,-15.7
"Clyomys laticeps",-47.71,-14.1
"Clyomys laticeps",-47.7,-14.09
"Clyomys laticeps",-45.89,-14.05
"Clyomys laticeps",-45.92,-14.02
"Clyomys laticeps",-48.03,-15.6
"Clyomys laticeps",-47.29,-15.56
"Clyomys laticeps",-48.02,-15.63
"Clyomys laticeps",-55.45,-24.12
"Clyomys laticeps",-52.89,-18.16
"Clyomys laticeps",-52.95,-18.07
"Clyomys laticeps",-52.87,-18.19
"Clyomys laticeps",-52.89,-18.29
"Clyomys laticeps",-52.88,-18.25
"Clyomys laticeps",-52.82,-18.33
"Clyomys laticeps",-47.84,-15.88
"Clyomys laticeps",-44.55,-13.2
"Clyomys laticeps",-47.85,-15.67
"Clyomys laticeps",-47.58,-15.57
"Clyomys laticeps",-48.85,-15.67
"Clyomys laticeps",-53.13,-17.68
"Clyomys laticeps",-48.5,-18
"Clyomys laticeps",-51.77,-12.85
"Clyomys laticeps",-56.45,-21.17
"Clyomys laticeps",-54.07,-19.52
"Clyomys laticeps",-57.58,-19.03
"Clyomys laticeps",-43.9,-19.62
"Clyomys laticeps",-46.25,-20.17
"Clyomys laticeps",-47.25,-19.33
"Clyomys laticeps",-47.62,-19.87
"Clyomys laticeps",-47.07,-22.87
"Clyomys laticeps",-48.12,-22.25
"Clyomys laticeps",-47.8,-22.1
"Clyomys laticeps",-48.03,-23.6
"Clyomys laticeps",-56.12,-23.08
"Clyomys laticeps",-56.2,-23.78
"Clyomys laticeps",-55.28,-24.15
"Delomys dorsalis",-42.97,-22.45
"Delomys dorsalis",-48.33,-24.29
"Delomys dorsalis",-48.26,-25.15
"Delomys dorsalis",-51.33,-26.43
"Delomys dorsalis",-49.67,-26.7
"Delomys dorsalis",-49.1,-27.05
"Delomys dorsalis",-51.78,-27.14
"Delomys dorsalis",-48.51,-27.6
"Delomys dorsalis",-49.59,-28.6
"Delomys dorsalis",-49.76,-28.84
"Delomys dorsalis",-50.08,-29.17
"Delomys dorsalis",-50.2,-29.32
"Delomys dorsalis",-50.19,-29.38
"Delomys dorsalis",-50.39,-29.42
"Delomys dorsalis",-50.2,-29.49
"Delomys dorsalis",-50.11,-29.51
"Delomys dorsalis",-42.33,-22.32
"Delomys dorsalis",-42.74,-22.35
"Delomys dorsalis",-44.69,-22.35
"Delomys dorsalis",-44.55,-22.37
"Delomys dorsalis",-44.84,-22.38
"Delomys dorsalis",-42.97,-22.41
"Delomys dorsalis",-44.64,-22.42
"Delomys dorsalis",-42.93,-22.44
"Delomys dorsalis",-44.62,-22.44
"Delomys dorsalis",-43.04,-22.46
"Delomys dorsalis",-45.08,-22.47
"Delomys dorsalis",-45.27,-22.55
"Delomys dorsalis",-45.18,-22.6
"Delomys dorsalis",-44.32,-22.68
"Delomys dorsalis",-44.62,-22.72
"Delomys dorsalis",-45.59,-22.74
"Delomys dorsalis",-44.71,-23.22
"Delomys dorsalis",-46.04,-23.57
"Delomys dorsalis",-45.87,-23.63
"Delomys dorsalis",-46.32,-23.78
"Delomys dorsalis",-46.15,-23.85
"Delomys dorsalis",-47.98,-23.88
"Delomys dorsalis",-47.45,-23.91
"Delomys dorsalis",-48.37,-24.1
"Delomys dorsalis",-50,-24.78
"Delomys dorsalis",-49.06,-25.31
"Delomys dorsalis",-49.08,-25.37
"Delomys dorsalis",-48.9,-25.35
"Delomys dorsalis",-49.06,-25.43
"Delomys dorsalis",-49.21,-25.53
"Delomys dorsalis",-54.77,-26.62
"Delomys dorsalis",-49.99,-29.07
"Delomys dorsalis",-50.78,-29.65
"Delomys dorsalis",-49.59,-28.01
"Delomys sublineatus",-41.86,-21.87
"Delomys sublineatus",-42.93,-22.36
"Delomys sublineatus",-46.6,-23.37
"Delomys sublineatus",-46.96,-23.67
"Delomys sublineatus",-46.95,-23.68
"Delomys sublineatus",-46.95,-23.72
"Delomys sublineatus",-47,-23.74
"Delomys sublineatus",-47.12,-23.77
"Delomys sublineatus",-48.1,-24.22
"Delomys sublineatus",-48.24,-25.15
"Delomys sublineatus",-48.26,-25.15
"Delomys sublineatus",-48.64,-25.61
"Delomys sublineatus",-48.6,-25.74
"Delomys sublineatus",-49.67,-26.7
"Delomys sublineatus",-48.51,-27.6
"Delomys sublineatus",-43.43,-19.04
"Delomys sublineatus",-40.6,-19.94
"Delomys sublineatus",-42,-20.12
"Delomys sublineatus",-41,-20.41
"Delomys sublineatus",-41.1,-20.52
"Delomys sublineatus",-41.2,-20.6
"Delomys sublineatus",-42.41,-20.61
"Delomys sublineatus",-42.49,-20.72
"Delomys sublineatus",-41.47,-20.77
"Delomys sublineatus",-41.11,-20.85
"Delomys sublineatus",-42.01,-21.96
"Delomys sublineatus",-42.67,-22.05
"Delomys sublineatus",-42.53,-22.28
"Delomys sublineatus",-42.33,-22.32
"Delomys sublineatus",-42.97,-22.41
"Delomys sublineatus",-42.98,-22.43
"Delomys sublineatus",-44.62,-22.72
"Delomys sublineatus",-46.63,-23.46
"Delomys sublineatus",-46.04,-23.57
"Delomys sublineatus",-45.87,-23.63
"Delomys sublineatus",-47.02,-23.69
"Delomys sublineatus",-46.3,-23.78
"Delomys sublineatus",-47.45,-23.84
"Delomys sublineatus",-47.48,-23.89
"Delomys sublineatus",-47.51,-23.96
"Delomys sublineatus",-48.37,-24.1
"Delomys sublineatus",-48.24,-24.18
"Delomys sublineatus",-47.4,-24.66
"Delomys sublineatus",-47.47,-24.68
"Delomys sublineatus",-47.92,-24.7
"Delomys sublineatus",-48.72,-25.45
"Delomys sublineatus",-49.23,-26.43
"Didelphis aurita",-37.29,-10.81
"Didelphis aurita",-37.42,-11.26
"Didelphis aurita",-39.04,-13.53
"Didelphis aurita",-39.71,-13.58
"Didelphis aurita",-39.23,-13.7
"Didelphis aurita",-39.14,-14.02
"Didelphis aurita",-39.06,-15.17
"Didelphis aurita",-39.39,-15.2
"Didelphis aurita",-39.17,-15.21
"Didelphis aurita",-39.16,-15.62
"Didelphis aurita",-39.37,-15.97
"Didelphis aurita",-39.42,-16.29
"Didelphis aurita",-39.3,-16.51
"Didelphis aurita",-39.91,-16.6
"Didelphis aurita",-39.67,-17.29
"Didelphis aurita",-40.07,-19.15
"Didelphis aurita",-42.55,-19.55
"Didelphis aurita",-43.35,-19.87
"Didelphis aurita",-43.37,-19.9
"Didelphis aurita",-40.53,-19.95
"Didelphis aurita",-40.58,-19.95
"Didelphis aurita",-40.6,-19.96
"Didelphis aurita",-40.54,-19.97
"Didelphis aurita",-40.58,-19.97
"Didelphis aurita",-42.82,-20.24
"Didelphis aurita",-42.88,-20.25
"Didelphis aurita",-40.33,-20.3
"Didelphis aurita",-40.46,-20.37
"Didelphis aurita",-40.45,-20.38
"Didelphis aurita",-40.47,-20.38
"Didelphis aurita",-40.6,-20.77
"Didelphis aurita",-44.92,-21.26
"Didelphis aurita",-44.99,-21.29
"Didelphis aurita",-44.99,-21.3
"Didelphis aurita",-41.87,-21.48
"Didelphis aurita",-42.93,-22.36
"Didelphis aurita",-47.48,-22.36
"Didelphis aurita",-52.37,-22.4
"Didelphis aurita",-42.97,-22.45
"Didelphis aurita",-42.76,-22.47
"Didelphis aurita",-43.01,-22.47
"Didelphis aurita",-42.86,-22.51
"Didelphis aurita",-42.88,-22.51
"Didelphis aurita",-42.79,-22.52
"Didelphis aurita",-52.28,-22.52
"Didelphis aurita",-42.32,-22.53
"Didelphis aurita",-42.35,-22.53
"Didelphis aurita",-42.8,-22.54
"Didelphis aurita",-42.95,-22.56
"Didelphis aurita",-42.97,-22.56
"Didelphis aurita",-42.9,-22.58
"Didelphis aurita",-42.86,-22.59
"Didelphis aurita",-43.44,-22.92
"Didelphis aurita",-43.46,-22.93
"Didelphis aurita",-44.09,-22.98
"Didelphis aurita",-45.08,-23.32
"Didelphis aurita",-48.44,-23.39
"Didelphis aurita",-45.23,-23.43
"Didelphis aurita",-47,-23.74
"Didelphis aurita",-47.12,-23.77
"Didelphis aurita",-47.67,-23.93
"Didelphis aurita",-55.43,-24.15
"Didelphis aurita",-48.1,-24.22
"Didelphis aurita",-47.03,-24.39
"Didelphis aurita",-55.35,-24.54
"Didelphis aurita",-54.47,-24.82
"Didelphis aurita",-47.92,-25.07
"Didelphis aurita",-48.26,-25.15
"Didelphis aurita",-48.89,-25.47
"Didelphis aurita",-48.64,-25.61
"Didelphis aurita",-48.6,-25.66
"Didelphis aurita",-48.6,-25.74
"Didelphis aurita",-48.55,-26.26
"Didelphis aurita",-51.78,-27.14
"Didelphis aurita",-48.51,-27.6
"Didelphis aurita",-50.39,-29.42
"Didelphis aurita",-50.21,-29.48
"Didelphis aurita",-50.35,-30.38
"Didelphis aurita",-35.07,-7.87
"Euryoryzomys russatus",-39.71,-13.58
"Euryoryzomys russatus",-39.67,-13.86
"Euryoryzomys russatus",-39.45,-13.95
"Euryoryzomys russatus",-39.14,-14.02
"Euryoryzomys russatus",-39.06,-15.17
"Euryoryzomys russatus",-39.39,-15.2
"Euryoryzomys russatus",-39.91,-16.6
"Euryoryzomys russatus",-39.67,-17.29
"Euryoryzomys russatus",-40.53,-19.95
"Euryoryzomys russatus",-40.58,-19.95
"Euryoryzomys russatus",-40.6,-19.96
"Euryoryzomys russatus",-40.58,-19.97
"Euryoryzomys russatus",-44.85,-20.91
"Euryoryzomys russatus",-44.84,-20.92
"Euryoryzomys russatus",-44.92,-21.26
"Euryoryzomys russatus",-44.56,-21.58
"Euryoryzomys russatus",-44.56,-21.59
"Euryoryzomys russatus",-52.37,-22.4
"Euryoryzomys russatus",-42.97,-22.45
"Euryoryzomys russatus",-43.01,-22.47
"Euryoryzomys russatus",-42.86,-22.51
"Euryoryzomys russatus",-42.88,-22.51
"Euryoryzomys russatus",-45.08,-23.32
"Euryoryzomys russatus",-46.6,-23.37
"Euryoryzomys russatus",-45.23,-23.43
"Euryoryzomys russatus",-46.96,-23.67
"Euryoryzomys russatus",-46.95,-23.68
"Euryoryzomys russatus",-46.95,-23.72
"Euryoryzomys russatus",-47,-23.74
"Euryoryzomys russatus",-47.12,-23.77
"Euryoryzomys russatus",-47.69,-23.94
"Euryoryzomys russatus",-55.43,-24.15
"Euryoryzomys russatus",-48.1,-24.22
"Euryoryzomys russatus",-48.33,-24.29
"Euryoryzomys russatus",-47.03,-24.39
"Euryoryzomys russatus",-47.92,-25.07
"Euryoryzomys russatus",-53.65,-25.07
"Euryoryzomys russatus",-48.24,-25.15
"Euryoryzomys russatus",-48.26,-25.15
"Euryoryzomys russatus",-48.89,-25.47
"Euryoryzomys russatus",-48.64,-25.61
"Euryoryzomys russatus",-48.6,-25.66
"Euryoryzomys russatus",-48.6,-25.74
"Euryoryzomys russatus",-48.53,-26.25
"Euryoryzomys russatus",-55.76,-26.46
"Euryoryzomys russatus",-49.67,-26.7
"Euryoryzomys russatus",-49.1,-27.05
"Euryoryzomys russatus",-48.51,-27.53
"Euryoryzomys russatus",-48.51,-27.6
"Euryoryzomys russatus",-49.59,-28.6
"Euryoryzomys russatus",-49.76,-28.84
"Euryoryzomys russatus",-50.08,-29.17
"Euryoryzomys russatus",-50.2,-29.32
"Euryoryzomys russatus",-50.19,-29.38
"Euryoryzomys russatus",-50.39,-29.42
"Euryoryzomys russatus",-50.11,-29.51
"Euryoryzomys russatus",-50.35,-30.38
"Euryoryzomys russatus",-43.63,-19.33
"Euryoryzomys russatus",-48.98,-27.58
"Euryoryzomys russatus",-48.82,-27.73
"Euryoryzomys russatus",-42.68,-21.85
"Euryoryzomys russatus",-48.97,-25.72
"Euryoryzomys russatus",-45.13,-23.8
"Euryoryzomys russatus",-44.33,-23.15
"Euryoryzomys russatus",-44.17,-23.13
"Euryoryzomys russatus",-45.33,-23.78
"Euryoryzomys russatus",-45.92,-23.79
"Euryoryzomys russatus",-39.32,-14.93
"Euryoryzomys russatus",-39.08,-14.7
"Euryoryzomys russatus",-39.1,-14.78
"Euryoryzomys russatus",-39.25,-14.68
"Euryoryzomys russatus",-39.48,-15.18
"Euryoryzomys russatus",-39.07,-15.28
"Euryoryzomys russatus",-48.4,-24.3
"Euryoryzomys russatus",-48.4,-24.22
"Euryoryzomys russatus",-48.4,-24.27
"Euryoryzomys russatus",-50.95,-24.2
"Euryoryzomys russatus",-47.93,-24.05
"Euryoryzomys russatus",-47.92,-24.02
"Euryoryzomys russatus",-48.03,-24.08
"Euryoryzomys russatus",-45.87,-23.63
"Euryoryzomys russatus",-45.93,-23.37
"Euryoryzomys russatus",-40.6,-19.93
"Euryoryzomys russatus",-40.47,-19.88
"Euryoryzomys russatus",-40.09,-19.91
"Euryoryzomys russatus",-40.57,-19.88
"Euryoryzomys russatus",-45.05,-23.43
"Euryoryzomys russatus",-45.13,-23.4
"Euryoryzomys russatus",-45.12,-23.4
"Euryoryzomys russatus",-45.17,-23.48
"Euryzygomatomys spinosus",-43.79,-17.91
"Euryzygomatomys spinosus",-43.41,-19.06
"Euryzygomatomys spinosus",-42.07,-19.43
"Euryzygomatomys spinosus",-42.56,-19.65
"Euryzygomatomys spinosus",-43.83,-20.26
"Euryzygomatomys spinosus",-41.81,-20.42
"Euryzygomatomys spinosus",-42.88,-20.75
"Euryzygomatomys spinosus",-46.64,-20.83
"Euryzygomatomys spinosus",-40.47,-20.36
"Euryzygomatomys spinosus",-41.81,-21.83
"Euryzygomatomys spinosus",-42.65,-22.03
"Euryzygomatomys spinosus",-42.32,-22.17
"Euryzygomatomys spinosus",-44.6,-22.33
"Euryzygomatomys spinosus",-43.18,-22.47
"Euryzygomatomys spinosus",-48.78,-22.13
"Euryzygomatomys spinosus",-46.04,-23.57
"Euryzygomatomys spinosus",-48.05,-23.58
"Euryzygomatomys spinosus",-47.63,-23.44
"Euryzygomatomys spinosus",-50.59,-24.32
"Euryzygomatomys spinosus",-53.38,-25.48
"Euryzygomatomys spinosus",-48.81,-25.79
"Euryzygomatomys spinosus",-48.83,-26.3
"Euryzygomatomys spinosus",-49.27,-26.74
"Euryzygomatomys spinosus",-53.71,-27.17
"Euryzygomatomys spinosus",-48.78,-27.69
"Euryzygomatomys spinosus",-52.31,-27.35
"Euryzygomatomys spinosus",-50.08,-29.17
"Euryzygomatomys spinosus",-52.2,-29.53
"Euryzygomatomys spinosus",-51.42,-30.62
"Euryzygomatomys spinosus",-56.43,-25.75
"Euryzygomatomys spinosus",-57.1,-22.15
"Euryzygomatomys spinosus",-54.85,-26.54
"Euryzygomatomys spinosus",-54.98,-27.11
"Gracilinanus microtarsus",-39.06,-15.17
"Gracilinanus microtarsus",-39.17,-15.21
"Gracilinanus microtarsus",-39.37,-15.97
"Gracilinanus microtarsus",-39.91,-16.6
"Gracilinanus microtarsus",-40.07,-19.15
"Gracilinanus microtarsus",-40.53,-19.95
"Gracilinanus microtarsus",-40.58,-19.95
"Gracilinanus microtarsus",-40.6,-19.96
"Gracilinanus microtarsus",-40.54,-19.97
"Gracilinanus microtarsus",-40.58,-19.97
"Gracilinanus microtarsus",-40.47,-20.38
"Gracilinanus microtarsus",-40.45,-20.39
"Gracilinanus microtarsus",-40.6,-20.77
"Gracilinanus microtarsus",-44.85,-20.91
"Gracilinanus microtarsus",-44.92,-21.26
"Gracilinanus microtarsus",-44.99,-21.29
"Gracilinanus microtarsus",-44.99,-21.3
"Gracilinanus microtarsus",-44.56,-21.58
"Gracilinanus microtarsus",-44.58,-21.59
"Gracilinanus microtarsus",-42.93,-22.36
"Gracilinanus microtarsus",-42.97,-22.45
"Gracilinanus microtarsus",-43.01,-22.47
"Gracilinanus microtarsus",-48.47,-23.34
"Gracilinanus microtarsus",-48.44,-23.39
"Gracilinanus microtarsus",-46.96,-23.67
"Gracilinanus microtarsus",-46.95,-23.68
"Gracilinanus microtarsus",-46.95,-23.72
"Gracilinanus microtarsus",-47,-23.74
"Gracilinanus microtarsus",-47.67,-23.93
"Gracilinanus microtarsus",-48.1,-24.22
"Gracilinanus microtarsus",-48.33,-24.29
"Gracilinanus microtarsus",-48.89,-25.47
"Gracilinanus microtarsus",-51.33,-26.43
"Gracilinanus microtarsus",-49.67,-26.7
"Gracilinanus microtarsus",-51.78,-27.14
"Gracilinanus microtarsus",-53.03,-27.44
"Gracilinanus microtarsus",-48.51,-27.6
"Gracilinanus microtarsus",-49.6,-28.61
"Gracilinanus microtarsus",-50.39,-29.42
"Gracilinanus microtarsus",-50.11,-29.51
"Gracilinanus microtarsus",-44.18,-23.18
"Gracilinanus microtarsus",-44.1,-22.92
"Gracilinanus microtarsus",-43,-22.48
"Gracilinanus microtarsus",-41.07,-21.4
"Gracilinanus microtarsus",-43.17,-18.08
"Gracilinanus microtarsus",-43.53,-18.38
"Gracilinanus microtarsus",-39.38,-17.88
"Gracilinanus microtarsus",-41.33,-13
"Gracilinanus microtarsus",-41.35,-12.57
"Juliomys ossitenuis",-46.96,-23.67
"Juliomys ossitenuis",-49.67,-26.7
"Juliomys ossitenuis",-41,-20.52
"Juliomys ossitenuis",-41.81,-20.46
"Juliomys ossitenuis",-42.48,-20.72
"Juliomys ossitenuis",-45.08,-22.47
"Juliomys ossitenuis",-42.59,-22.27
"Juliomys ossitenuis",-43,-22.27
"Juliomys ossitenuis",-44.37,-22.8
"Juliomys ossitenuis",-47.03,-23.68
"Juliomys ossitenuis",-47,-23.76
"Juliomys ossitenuis",-47.01,-23.78
"Juliomys ossitenuis",-47.47,-23.85
"Juliomys ossitenuis",-47.48,-23.88
"Juliomys ossitenuis",-47.45,-23.92
"Juliomys ossitenuis",-47.51,-23.97
"Juliomys ossitenuis",-48.37,-24.05
"Juliomys ossitenuis",-48.4,-24.22
"Juliomys ossitenuis",-48.33,-24.17
"Juliomys ossitenuis",-49.95,-24.56
"Juliomys ossitenuis",-49.66,-26.71
"Juliomys ossitenuis",-50.21,-29.49
"Juliomys pictipes",-43.35,-19.87
"Juliomys pictipes",-43.37,-19.9
"Juliomys pictipes",-40.58,-19.97
"Juliomys pictipes",-44.58,-21.59
"Juliomys pictipes",-43.01,-22.47
"Juliomys pictipes",-52.28,-22.52
"Juliomys pictipes",-45.08,-23.32
"Juliomys pictipes",-48.47,-23.34
"Juliomys pictipes",-46.6,-23.37
"Juliomys pictipes",-48.44,-23.39
"Juliomys pictipes",-45.23,-23.43
"Juliomys pictipes",-46.96,-23.67
"Juliomys pictipes",-46.95,-23.68
"Juliomys pictipes",-46.95,-23.72
"Juliomys pictipes",-47,-23.74
"Juliomys pictipes",-55.43,-24.15
"Juliomys pictipes",-48.1,-24.22
"Juliomys pictipes",-48.33,-24.29
"Juliomys pictipes",-55.35,-24.54
"Juliomys pictipes",-54.47,-24.82
"Juliomys pictipes",-47.92,-25.07
"Juliomys pictipes",-48.89,-25.47
"Juliomys pictipes",-48.64,-25.61
"Juliomys pictipes",-48.6,-25.74
"Juliomys pictipes",-55.76,-26.46
"Juliomys pictipes",-49.67,-26.7
"Juliomys pictipes",-48.51,-27.6
"Juliomys pictipes",-50.35,-30.38
"Juliomys pictipes",-40.51,-20.28
"Juliomys pictipes",-43.5,-20.08
"Juliomys pictipes",-43.15,-19.38
"Juliomys pictipes",-43.01,-22.27
"Juliomys pictipes",-43,-22.27
"Juliomys pictipes",-42.51,-22.31
"Juliomys pictipes",-42.98,-22.43
"Juliomys pictipes",-44.34,-23.01
"Juliomys pictipes",-45.31,-23.22
"Juliomys pictipes",-47.41,-23.72
"Juliomys pictipes",-46.15,-23.47
"Juliomys pictipes",-47.63,-23.44
"Juliomys pictipes",-46.58,-23.8
"Juliomys pictipes",-48.7,-23.81
"Juliomys pictipes",-48.37,-24.05
"Juliomys pictipes",-48.4,-24.22
"Juliomys pictipes",-48.39,-24.06
"Juliomys pictipes",-48.37,-24.22
"Juliomys pictipes",-48.24,-24.18
"Juliomys pictipes",-48.42,-24.33
"Juliomys pictipes",-50.55,-24.2
"Juliomys pictipes",-48.55,-25.26
"Juliomys pictipes",-49.11,-26.56
"Juliomys pictipes",-49.4,-26.57
"Juliomys pictipes",-49.5,-27.3
"Juliomys pictipes",-48.81,-27.74
"Juliomys pictipes",-51.1,-29.56
"Juliomys pictipes",-53.88,-27.2
"Juliomys pictipes",-54.95,-27.08
"Juliomys pictipes",-54.43,-25.68
"Juliomys pictipes",-54.76,-26.62
"Juliomys pictipes",-54.45,-24.8
"Kannabateomys amblyonyx",-40.54,-18.88
"Kannabateomys amblyonyx",-40.58,-18.88
"Kannabateomys amblyonyx",-42.67,-19.12
"Kannabateomys amblyonyx",-43.23,-19.12
"Kannabateomys amblyonyx",-40.53,-19.95
"Kannabateomys amblyonyx",-43.27,-20.45
"Kannabateomys amblyonyx",-42.83,-20.75
"Kannabateomys amblyonyx",-42.73,-21.24
"Kannabateomys amblyonyx",-42.76,-21.36
"Kannabateomys amblyonyx",-42.52,-21.39
"Kannabateomys amblyonyx",-42.78,-21.46
"Kannabateomys amblyonyx",-42.85,-21.47
"Kannabateomys amblyonyx",-43.18,-21.89
"Kannabateomys amblyonyx",-43.21,-22.03
"Kannabateomys amblyonyx",-42.85,-22.33
"Kannabateomys amblyonyx",-42.51,-22.41
"Kannabateomys amblyonyx",-44.3,-22.42
"Kannabateomys amblyonyx",-44.57,-22.49
"Kannabateomys amblyonyx",-43.16,-22.52
"Kannabateomys amblyonyx",-43.48,-22.61
"Kannabateomys amblyonyx",-45.2,-22.61
"Kannabateomys amblyonyx",-44.57,-22.64
"Kannabateomys amblyonyx",-43.75,-22.67
"Kannabateomys amblyonyx",-44.38,-22.88
"Kannabateomys amblyonyx",-45.09,-23.32
"Kannabateomys amblyonyx",-46.03,-23.41
"Kannabateomys amblyonyx",-45.08,-23.43
"Kannabateomys amblyonyx",-47.64,-23.44
"Kannabateomys amblyonyx",-47.7,-23.47
"Kannabateomys amblyonyx",-46.86,-23.65
"Kannabateomys amblyonyx",-46.33,-23.96
"Kannabateomys amblyonyx",-48.26,-24.16
"Kannabateomys amblyonyx",-48.35,-24.16
"Kannabateomys amblyonyx",-47.85,-24.32
"Kannabateomys amblyonyx",-47.81,-24.36
"Kannabateomys amblyonyx",-47.55,-24.7
"Kannabateomys amblyonyx",-47.57,-24.71
"Kannabateomys amblyonyx",-48.24,-25.42
"Kannabateomys amblyonyx",-53.5,-25.54
"Kannabateomys amblyonyx",-56.96,-25.67
"Kannabateomys amblyonyx",-54.45,-25.68
"Kannabateomys amblyonyx",-49.25,-26.44
"Kannabateomys amblyonyx",-52.55,-26.67
"Kannabateomys amblyonyx",-49.67,-26.7
"Kannabateomys amblyonyx",-54.72,-27.02
"Kannabateomys amblyonyx",-49.15,-27.05
"Kannabateomys amblyonyx",-52.76,-27.11
"Kannabateomys amblyonyx",-48.52,-27.13
"Kannabateomys amblyonyx",-48.51,-27.6
"Kannabateomys amblyonyx",-48.96,-27.77
"Kannabateomys amblyonyx",-52.66,-28.69
"Kannabateomys amblyonyx",-50.4,-29.42
"Kannabateomys amblyonyx",-55.13,-29.56
"Kannabateomys amblyonyx",-50.17,-29.68
"Kannabateomys amblyonyx",-51.4,-29.86
"Kannabateomys amblyonyx",-50.3,-29.88
"Kannabateomys amblyonyx",-51.02,-29.9
"Kannabateomys amblyonyx",-51.02,-30.29
"Kannabateomys amblyonyx",-50.35,-30.38
"Marmosa paraguayana",-50.35,-30.38
"Marmosa paraguayana",-50.11,-29.51
"Marmosa paraguayana",-50.21,-29.48
"Marmosa paraguayana",-49.76,-29.37
"Marmosa paraguayana",-49.59,-28.62
"Marmosa paraguayana",-48.51,-27.6
"Marmosa paraguayana",-51.78,-27.14
"Marmosa paraguayana",-49.67,-26.7
"Marmosa paraguayana",-55.76,-26.46
"Marmosa paraguayana",-48.55,-26.26
"Marmosa paraguayana",-48.64,-25.61
"Marmosa paraguayana",-48.89,-25.47
"Marmosa paraguayana",-53.65,-25.07
"Marmosa paraguayana",-54.47,-24.82
"Marmosa paraguayana",-55.35,-24.54
"Marmosa paraguayana",-48.09,-24.23
"Marmosa paraguayana",-47.69,-23.94
"Marmosa paraguayana",-47.12,-23.77
"Marmosa paraguayana",-46.95,-23.72
"Marmosa paraguayana",-46.95,-23.68
"Marmosa paraguayana",-46.96,-23.67
"Marmosa paraguayana",-48.47,-23.35
"Marmosa paraguayana",-44.09,-22.98
"Marmosa paraguayana",-43.45,-22.95
"Marmosa paraguayana",-43.46,-22.94
"Marmosa paraguayana",-42.86,-22.59
"Marmosa paraguayana",-42.9,-22.58
"Marmosa paraguayana",-42.95,-22.56
"Marmosa paraguayana",-42.33,-22.54
"Marmosa paraguayana",-42.8,-22.54
"Marmosa paraguayana",-42.84,-22.54
"Marmosa paraguayana",-42.91,-22.54
"Marmosa paraguayana",-42.35,-22.53
"Marmosa paraguayana",-42.79,-22.52
"Marmosa paraguayana",-52.28,-22.52
"Marmosa paraguayana",-42.76,-22.47
"Marmosa paraguayana",-43.01,-22.47
"Marmosa paraguayana",-52.37,-22.4
"Marmosa paraguayana",-47.48,-22.36
"Marmosa paraguayana",-40.6,-20.77
"Marmosa paraguayana",-40.45,-20.39
"Marmosa paraguayana",-40.46,-20.39
"Marmosa paraguayana",-40.46,-20.37
"Marmosa paraguayana",-40.54,-19.97
"Marmosa paraguayana",-40.58,-19.97
"Marmosa paraguayana",-40.53,-19.95
"Marmosa paraguayana",-42.55,-19.55
"Marmosops incanus",-37.29,-10.81
"Marmosops incanus",-37.42,-11.26
"Marmosops incanus",-39.71,-13.58
"Marmosops incanus",-39.23,-13.7
"Marmosops incanus",-39.45,-13.95
"Marmosops incanus",-39.14,-14.02
"Marmosops incanus",-39.09,-14.34
"Marmosops incanus",-39.53,-15.16
"Marmosops incanus",-39.06,-15.17
"Marmosops incanus",-39.64,-15.93
"Marmosops incanus",-39.42,-16.29
"Marmosops incanus",-39.91,-16.6
"Marmosops incanus",-39.67,-17.29
"Marmosops incanus",-40.07,-19.15
"Marmosops incanus",-42.55,-19.55
"Marmosops incanus",-43.35,-19.87
"Marmosops incanus",-43.37,-19.9
"Marmosops incanus",-40.53,-19.95
"Marmosops incanus",-40.58,-19.95
"Marmosops incanus",-40.6,-19.96
"Marmosops incanus",-40.54,-19.97
"Marmosops incanus",-40.58,-19.97
"Marmosops incanus",-40.48,-20.37
"Marmosops incanus",-40.45,-20.38
"Marmosops incanus",-40.47,-20.38
"Marmosops incanus",-44.84,-20.92
"Marmosops incanus",-44.92,-21.26
"Marmosops incanus",-44.99,-21.3
"Marmosops incanus",-41.87,-21.48
"Marmosops incanus",-44.56,-21.58
"Marmosops incanus",-44.56,-21.59
"Marmosops incanus",-42.97,-22.45
"Marmosops incanus",-43.01,-22.47
"Marmosops incanus",-42.86,-22.51
"Marmosops incanus",-42.88,-22.51
"Marmosops incanus",-42.36,-22.53
"Marmosops incanus",-42.33,-22.54
"Marmosops incanus",-42.8,-22.54
"Marmosops incanus",-42.95,-22.56
"Marmosops incanus",-42.97,-22.56
"Marmosops incanus",-42.86,-22.59
"Marmosops incanus",-43.44,-22.92
"Marmosops incanus",-43.46,-22.93
"Marmosops incanus",-45.08,-23.32
"Marmosops incanus",-45.23,-23.43
"Marmosops incanus",-46.96,-23.67
"Marmosops incanus",-46.95,-23.68
"Marmosops incanus",-46.95,-23.72
"Marmosops incanus",-47,-23.74
"Marmosops incanus",-47.12,-23.77
"Marmosops incanus",-47.67,-23.93
"Marmosops incanus",-48.1,-24.22
"Marmosops incanus",-43.97,-20.05
"Marmosops incanus",-43.63,-19.33
"Marmosops incanus",-43.97,-20.04
"Marmosops incanus",-44.09,-14.88
"Marmosops incanus",-43.97,-19.61
"Marmosops incanus",-43.95,-19.65
"Marmosops incanus",-43.13,-16.05
"Marmosops incanus",-43.07,-16.04
"Monodelphis americana",-37.29,-10.81
"Monodelphis americana",-39.67,-13.86
"Monodelphis americana",-39.06,-15.17
"Monodelphis americana",-40.07,-19.15
"Monodelphis americana",-40.46,-20.37
"Monodelphis americana",-40.43,-20.39
"Monodelphis americana",-40.46,-20.39
"Monodelphis americana",-40.6,-20.77
"Monodelphis americana",-44.56,-21.58
"Monodelphis americana",-44.58,-21.59
"Monodelphis americana",-41.86,-21.87
"Monodelphis americana",-42.93,-22.36
"Monodelphis americana",-52.37,-22.4
"Monodelphis americana",-42.97,-22.45
"Monodelphis americana",-43.01,-22.47
"Monodelphis americana",-52.28,-22.52
"Monodelphis americana",-43.45,-22.93
"Monodelphis americana",-43.46,-22.94
"Monodelphis americana",-46.96,-23.67
"Monodelphis americana",-46.95,-23.68
"Monodelphis americana",-46.95,-23.72
"Monodelphis americana",-47.67,-23.93
"Monodelphis americana",-55.43,-24.15
"Monodelphis americana",-48.1,-24.22
"Monodelphis americana",-48.33,-24.29
"Monodelphis americana",-48.24,-25.15
"Monodelphis americana",-48.26,-25.15
"Monodelphis americana",-49.67,-26.7
"Monodelphis americana",-48.51,-27.6
"Monodelphis americana",-47.94,-15.94
"Monodelphis americana",-48.01,-15.73
"Monodelphis americana",-48.03,-15.7
"Monodelphis americana",-48.01,-15.6
"Monodelphis americana",-46.48,-20.22
"Monodelphis americana",-47.82,-15.87
"Monodelphis americana",-47.87,-15.94
"Monodelphis americana",-43.07,-16.04
"Monodelphis americana",-39.07,-15.57
"Monodelphis americana",-41.91,-13.27
"Monodelphis americana",-39.71,-13.58
"Monodelphis americana",-39.05,-14.82
"Monodelphis americana",-39.12,-14.8
"Monodelphis americana",-39.3,-14.71
"Monodelphis americana",-39.14,-14.49
"Monodelphis americana",-39.05,-14.65
"Monodelphis americana",-39.09,-14.34
"Monodelphis americana",-39.97,-13.53
"Monodelphis americana",-39.49,-15.19
"Monodelphis americana",-39.26,-17.09
"Monodelphis americana",-38.48,-12.81
"Monodelphis americana",-39.01,-15.35
"Monodelphis americana",-39.17,-15.21
"Monodelphis americana",-39.38,-15.23
"Monodelphis americana",-39.12,-16.53
"Monodelphis americana",-38.92,-4.23
"Monodelphis americana",-38.9,-4.22
"Monodelphis americana",-38.97,-4.21
"Monodelphis americana",-41.28,-21.21
"Monodelphis americana",-48.97,-16.33
"Monodelphis americana",-47.52,-14.02
"Monodelphis americana",-47.52,-14.12
"Monodelphis americana",-44.61,-22.02
"Monodelphis americana",-42.7,-21.89
"Monodelphis americana",-42.68,-21.87
"Monodelphis americana",-40.86,-16.06
"Monodelphis americana",-43.49,-19.95
"Monodelphis americana",-44,-19.97
"Monodelphis americana",-44.19,-19.87
"Monodelphis americana",-44.13,-20.11
"Monodelphis americana",-44.04,-20.08
"Monodelphis americana",-44.09,-20.1
"Monodelphis americana",-43.72,-20.01
"Monodelphis americana",-42.14,-19.79
"Monodelphis americana",-43.47,-20.16
"Monodelphis americana",-43.41,-20.13
"Monodelphis americana",-43.4,-18.88
"Monodelphis americana",-43,-19.72
"Monodelphis americana",-44.3,-20.07
"Monodelphis americana",-43.25,-19.68
"Monodelphis americana",-43.42,-20.38
"Monodelphis americana",-43.44,-20.21
"Monodelphis americana",-42.92,-20.78
"Monodelphis americana",-43.97,-20.17
"Monodelphis americana",-43.96,-20.07
"Monodelphis americana",-43.83,-19.98
"Monodelphis americana",-45.66,-20.37
"Monodelphis americana",-46.62,-20.72
"Monodelphis americana",-43.5,-19.97
"Monodelphis americana",-43.5,-20.08
"Monodelphis americana",-43.14,-19.4
"Monodelphis americana",-43.43,-19.89
"Monodelphis americana",-44.25,-20.12
"Monodelphis americana",-43.41,-19.44
"Monodelphis americana",-48.68,-3.42
"Monodelphis americana",-47.12,-1.63
"Monodelphis americana",-47.55,-4.21
"Monodelphis americana",-35.98,-8.28
"Monodelphis americana",-41.92,-21.57
"Monodelphis americana",-47.15,-21.75
"Monodelphis americana",-47.26,-21.72
"Monodelphis americana",-43.19,-22.04
"Monodelphis americana",-44.63,-22.38
"Monodelphis americana",-44.56,-22.5
"Monodelphis americana",-44.11,-22.92
"Monodelphis americana",-42.2,-21.61
"Monodelphis americana",-42.28,-22.52
"Monodelphis americana",-43,-22.05
"Monodelphis americana",-46.03,-23.58
"Monodelphis americana",-46.62,-23.53
"Monodelphis americana",-46.92,-23.6
"Monodelphis americana",-47.7,-21.8
"Monodelphis americana",-45.69,-23.25
"Monodelphis americana",-47.07,-23.93
"Monodelphis americana",-45.66,-23.38
"Monodelphis americana",-46.73,-23.85
"Monodelphis americana",-46.64,-23.55
"Monodelphis americana",-45.18,-22.6
"Monodelphis americana",-47.63,-22.72
"Monodelphis americana",-45.28,-23.21
"Monodelphis americana",-47.48,-21.85
"Monodelphis americana",-48.4,-22.78
"Monodelphis americana",-37.42,-10.67
"Monodelphis americana",-37.77,-11.48
"Monodelphis iheringi",-45.08,-23.32
"Monodelphis iheringi",-45.23,-23.43
"Monodelphis iheringi",-46.96,-23.67
"Monodelphis iheringi",-46.95,-23.68
"Monodelphis iheringi",-46.95,-23.72
"Monodelphis iheringi",-48.89,-25.47
"Monodelphis iheringi",-48.64,-25.61
"Monodelphis iheringi",-48.6,-25.66
"Monodelphis iheringi",-49.67,-26.7
"Monodelphis iheringi",-48.51,-27.6
"Monodelphis iheringi",-49.59,-28.61
"Monodelphis iheringi",-40.53,-20.1
"Monodelphis iheringi",-40.3,-19.58
"Monodelphis iheringi",-44.35,-23.17
"Monodelphis iheringi",-44.19,-23.18
"Monodelphis iheringi",-42.77,-22.45
"Monodelphis iheringi",-42.65,-22.45
"Monodelphis iheringi",-42.03,-22.54
"Monodelphis iheringi",-42.92,-22.49
"Monodelphis iheringi",-43,-22.48
"Monodelphis iheringi",-44.17,-23.13
"Monodelphis iheringi",-43.33,-22.91
"Monodelphis iheringi",-43.78,-22.64
"Monodelphis iheringi",-44.83,-23.2
"Monodelphis iheringi",-44.72,-23.22
"Monodelphis iheringi",-43.4,-22.93
"Monodelphis iheringi",-43.99,-23.08
"Monodelphis iheringi",-42,-22
"Monodelphis iheringi",-43.56,-22.83
"Monodelphis iheringi",-42.98,-22.43
"Monodelphis iheringi",-43.23,-22.94
"Monodelphis iheringi",-50.78,-29.65
"Monodelphis iheringi",-48.88,-27.1
"Monodelphis iheringi",-49.23,-26.43
"Monodelphis iheringi",-48.98,-26.44
"Monodelphis iheringi",-49.51,-27.06
"Monodelphis iheringi",-48.83,-26.3
"Monodelphis iheringi",-48.84,-26.4
"Monodelphis iheringi",-48.62,-27.84
"Monodelphis iheringi",-50,-29.18
"Monodelphis iheringi",-49.67,-28.65
"Monodelphis iheringi",-48.81,-27.74
"Monodelphis iheringi",-48.61,-26.26
"Monodelphis iheringi",-47.55,-24.72
"Monodelphis iheringi",-47.7,-21.8
"Monodelphis iheringi",-45.09,-23.32
"Monodelphis iheringi",-47.79,-24.12
"Monodelphis iheringi",-46.75,-23.42
"Monodelphis iheringi",-45.93,-23.68
"Monodelphis iheringi",-46.58,-23.8
"Monodelphis iheringi",-44.83,-23.33
"Monodelphis kunsi",-44.56,-21.58
"Monodelphis kunsi",-47.93,-15.98
"Monodelphis kunsi",-45.9,-15.38
"Monodelphis kunsi",-56.85,-20.7
"Monodelphis kunsi",-57.05,-15.45
"Monodelphis kunsi",-45.98,-13.93
"Monodelphis kunsi",-45.89,-14.05
"Monodelphis kunsi",-55.31,-20.46
"Monodelphis kunsi",-55.33,-20.52
"Monodelphis kunsi",-55.3,-20.56
"Monodelphis kunsi",-55.28,-20.4
"Monodelphis kunsi",-57.56,-19.21
"Monodelphis kunsi",-57.63,-19.2
"Monodelphis kunsi",-61,-14.75
"Monodelphis kunsi",-55.45,-24.12
"Monodelphis kunsi",-52.89,-18.26
"Monodelphis kunsi",-52.89,-18.16
"Monodelphis kunsi",-52.95,-18.07
"Monodelphis kunsi",-52.87,-18.19
"Monodelphis kunsi",-53,-18.12
"Monodelphis kunsi",-52.88,-18.25
"Monodelphis kunsi",-52.82,-18.33
"Monodelphis kunsi",-50.72,-18.43
"Monodelphis kunsi",-43.63,-19.33
"Monodelphis kunsi",-47.86,-15.94
"Monodelphis kunsi",-64.15,-13.3
"Monodelphis kunsi",-61.03,-14.75
"Monodelphis kunsi",-47.93,-15.95
"Monodelphis kunsi",-48.61,-16.67
"Monodelphis kunsi",-56.13,-16.77
"Monodelphis kunsi",-52.21,-12.57
"Monodelphis kunsi",-57.62,-19.17
"Monodelphis kunsi",-44.61,-22.03
"Monodelphis kunsi",-44.19,-19.87
"Monodelphis kunsi",-44.89,-20.15
"Monodelphis kunsi",-47.32,-16.12
"Monodelphis kunsi",-43.62,-19.37
"Monodelphis kunsi",-44.78,-18.9
"Monodelphis kunsi",-44.39,-20.29
"Monodelphis kunsi",-46.79,-19.03
"Monodelphis kunsi",-47.67,-19.15
"Monodelphis kunsi",-46.9,-22.75
"Monodelphis kunsi",-48.54,-12.03
"Monodelphis kunsi",-55.27,-24.21
"Monodelphis kunsi",-59.32,-22.68
"Monodelphis scalops",-52.37,-22.4
"Monodelphis scalops",-52.28,-22.52
"Monodelphis scalops",-45.08,-23.32
"Monodelphis scalops",-45.23,-23.43
"Monodelphis scalops",-46.96,-23.67
"Monodelphis scalops",-47,-23.74
"Monodelphis scalops",-48.1,-24.22
"Monodelphis scalops",-53.65,-25.07
"Monodelphis scalops",-48.26,-25.15
"Monodelphis scalops",-48.6,-25.74
"Monodelphis scalops",-48.51,-27.6
"Monodelphis scalops",-54.27,-25.68
"Monodelphis scalops",-54.63,-25.67
"Monodelphis scalops",-40.6,-19.92
"Monodelphis scalops",-42.07,-20.07
"Monodelphis scalops",-50.92,-24.2
"Monodelphis scalops",-50.62,-24.32
"Monodelphis scalops",-43.21,-22.95
"Monodelphis scalops",-44.63,-22.38
"Monodelphis scalops",-42.53,-22.27
"Monodelphis scalops",-42.59,-22.35
"Monodelphis scalops",-44.84,-23.19
"Monodelphis scalops",-43.18,-22.51
"Monodelphis scalops",-42.98,-22.43
"Monodelphis scalops",-52.59,-27.24
"Monodelphis scalops",-52.77,-27.18
"Monodelphis scalops",-48.6,-27.08
"Monodelphis scalops",-50,-29.18
"Monodelphis scalops",-49.67,-28.65
"Monodelphis scalops",-48.8,-27.63
"Monodelphis scalops",-48.81,-27.74
"Monodelphis scalops",-52.46,-27.04
"Monodelphis scalops",-48.7,-23.81
"Monodelphis scalops",-48.42,-24.33
"Monodelphis scalops",-46.92,-23.6
"Monodelphis scalops",-45.9,-22.65
"Monodelphis scalops",-48.01,-25.15
"Monodelphis scalops",-47.79,-24.12
"Monodelphis scalops",-45.35,-23.82
"Monodelphis scalops",-47.47,-23.85
"Monodelphis scalops",-46.58,-23.8
"Monodelphis scalops",-45.32,-23.26
"Monodelphis scalops",-45.3,-23.83
"Necromys lasiurus",-36.28,-9.67
"Necromys lasiurus",-36.07,-9.4
"Necromys lasiurus",-36.5,-9.73
"Necromys lasiurus",-36.62,-9.4
"Necromys lasiurus",-40.32,-10.5
"Necromys lasiurus",-39.08,-11.72
"Necromys lasiurus",-38.95,-12.25
"Necromys lasiurus",-45.95,-14.8
"Necromys lasiurus",-41.53,-12.52
"Necromys lasiurus",-39.28,-7.28
"Necromys lasiurus",-38.87,-4.32
"Necromys lasiurus",-40.37,-7.07
"Necromys lasiurus",-39.38,-7.22
"Necromys lasiurus",-39.3,-7.2
"Necromys lasiurus",-38.93,-7.3
"Necromys lasiurus",-39.13,-7.25
"Necromys lasiurus",-38.92,-4.22
"Necromys lasiurus",-47.92,-15.77
"Necromys lasiurus",-47.93,-15.95
"Necromys lasiurus",-47.95,-15.73
"Necromys lasiurus",-47.88,-15.93
"Necromys lasiurus",-48.97,-16.32
"Necromys lasiurus",-48.15,-15.05
"Necromys lasiurus",-47.25,-13.77
"Necromys lasiurus",-47.52,-14.02
"Necromys lasiurus",-47.68,-14.12
"Necromys lasiurus",-47.75,-14.07
"Necromys lasiurus",-52.88,-18.25
"Necromys lasiurus",-45.35,-1.66
"Necromys lasiurus",-47.48,-5.53
"Necromys lasiurus",-44.23,-2.6
"Necromys lasiurus",-52.35,-14.72
"Necromys lasiurus",-55.83,-15.42
"Necromys lasiurus",-52.08,-12.85
"Necromys lasiurus",-52.48,-14.63
"Necromys lasiurus",-53.4,-12
"Necromys lasiurus",-52.35,-14.67
"Necromys lasiurus",-55.03,-14.23
"Necromys lasiurus",-54.63,-20.43
"Necromys lasiurus",-43.95,-20.05
"Necromys lasiurus",-43.67,-19.87
"Necromys lasiurus",-44.55,-21.58
"Necromys lasiurus",-43.55,-19.08
"Necromys lasiurus",-44.23,-19.45
"Necromys lasiurus",-43.93,-19.92
"Necromys lasiurus",-48.17,-18.63
"Necromys lasiurus",-41.93,-18.85
"Necromys lasiurus",-43.73,-19.5
"Necromys lasiurus",-43.87,-19.62
"Necromys lasiurus",-45,-21.23
"Necromys lasiurus",-43.5,-19.22
"Necromys lasiurus",-42.88,-20.75
"Necromys lasiurus",-41.83,-19.83
"Necromys lasiurus",-43.9,-21.7
"Necromys lasiurus",-46.63,-20.33
"Necromys lasiurus",-43.8,-19.97
"Necromys lasiurus",-43.78,-20.08
"Necromys lasiurus",-44.43,-20.07
"Necromys lasiurus",-43.95,-20.1
"Necromys lasiurus",-44.97,-21.28
"Necromys lasiurus",-43.32,-21.97
"Necromys lasiurus",-42.45,-16.93
"Necromys lasiurus",-44.05,-15.1
"Necromys lasiurus",-52.17,-25.93
"Necromys lasiurus",-49.7,-24.25
"Necromys lasiurus",-51.25,-23.45
"Necromys lasiurus",-50.15,-25.08
"Necromys lasiurus",-50.4,-24.5
"Necromys lasiurus",-52.63,-23.67
"Necromys lasiurus",-39.73,-7.5
"Necromys lasiurus",-42.2,-22.47
"Necromys lasiurus",-42.28,-22.58
"Necromys lasiurus",-42.65,-22.03
"Necromys lasiurus",-47.32,-22.72
"Necromys lasiurus",-47.6,-23.5
"Necromys lasiurus",-48.6,-23.8
"Necromys lasiurus",-45.72,-23.1
"Necromys lasiurus",-47.08,-22.9
"Necromys lasiurus",-46.93,-23.55
"Necromys lasiurus",-46.93,-23.62
"Necromys lasiurus",-47.28,-23.25
"Necromys lasiurus",-45.45,-22.92
"Necromys lasiurus",-47.25,-22.82
"Necromys lasiurus",-47.67,-23.35
"Necromys lasiurus",-46.03,-23.42
"Necromys lasiurus",-48.05,-23.58
"Necromys lasiurus",-46.92,-22.72
"Necromys lasiurus",-47.63,-22.72
"Necromys lasiurus",-45.87,-23.63
"Necromys lasiurus",-48.35,-24.08
"Necromys lasiurus",-47.62,-23.72
"Necromys lasiurus",-45.3,-23.22
"Necromys lasiurus",-46.62,-23.53
"Necromys lasiurus",-45.53,-23.02
"Necromys lasiurus",-47.45,-23.5
"Necromys lasiurus",-47.55,-22.4
"Necromys lasiurus",-39.71,-13.58
"Necromys lasiurus",-39.14,-14.02
"Necromys lasiurus",-39.37,-15.97
"Necromys lasiurus",-38.93,-16.02
"Necromys lasiurus",-40.07,-19.15
"Necromys lasiurus",-48.01,-21.08
"Necromys lasiurus",-44.99,-21.3
"Necromys lasiurus",-44.56,-21.59
"Necromys lasiurus",-52.37,-22.4
"Necromys lasiurus",-52.28,-22.52
"Necromys lasiurus",-48.47,-23.34
"Necromys lasiurus",-48.44,-23.39
"Necromys lasiurus",-46.96,-23.67
"Necromys lasiurus",-55.43,-24.15
"Necromys lasiurus",-48.1,-24.22
"Necromys lasiurus",-55.76,-26.46
"Necromys lasiurus",-49.67,-26.7
"Necromys lasiurus",-51.78,-27.14
"Necromys lasiurus",-48.51,-27.6
"Necromys lasiurus",-50.2,-29.32
"Necromys lasiurus",-50.19,-29.38
"Necromys lasiurus",-52.2,-29.58
"Necromys lasiurus",-35.49,-7.59
"Necromys lasiurus",-45.93,-15.99
"Necromys lasiurus",-47.93,-15.98
"Necromys lasiurus",-47.85,-15.87
"Necromys lasiurus",-45.9,-15.38
"Necromys lasiurus",-56.85,-20.7
"Necromys lasiurus",-57.05,-15.45
"Necromys lasiurus",-44.17,-8.83
"Necromys lasiurus",-47.23,-10.5
"Necromys lasiurus",-47.13,-14.97
"Necromys lasiurus",-48.01,-15.73
"Necromys lasiurus",-43.97,-20.05
"Necromys lasiurus",-48.57,-20.13
"Necromys lasiurus",-46.29,-13.59
"Necromys lasiurus",-48,-15.7
"Necromys lasiurus",-48.02,-15.7
"Necromys lasiurus",-47.99,-15.71
"Necromys lasiurus",-47.71,-14.09
"Necromys lasiurus",-46.11,-14.5
"Necromys lasiurus",-51.72,-17.89
"Necromys lasiurus",-45.96,-13.91
"Necromys lasiurus",-45.96,-13.92
"Necromys lasiurus",-45.9,-14.06
"Necromys lasiurus",-45.95,-13.95
"Necromys lasiurus",-45.95,-14
"Necromys lasiurus",-45.92,-14.02
"Necromys lasiurus",-48.03,-15.6
"Necromys lasiurus",-47.29,-15.56
"Necromys lasiurus",-47.63,-15.88
"Necromys lasiurus",-47.71,-15.61
"Necromys lasiurus",-55.29,-20.52
"Necromys lasiurus",-55.31,-20.46
"Necromys lasiurus",-46.48,-20.22
"Necromys lasiurus",-47.87,-15.67
"Necromys lasiurus",-48.02,-15.63
"Necromys lasiurus",-44.15,-19.47
"Necromys lasiurus",-57.56,-19.21
"Necromys lasiurus",-57.63,-19.2
"Necromys lasiurus",-43.63,-19.33
"Necromys lasiurus",-55.45,-24.12
"Necromys lasiurus",-50.48,-10.45
"Necromys lasiurus",-52.89,-18.26
"Necromys lasiurus",-46.85,-11.23
"Necromys lasiurus",-46.17,-10.63
"Necromys lasiurus",-49.69,-10.9
"Necromys lasiurus",-47.82,-15.88
"Necromys lasiurus",-47.83,-15.86
"Necromys lasiurus",-52.89,-18.16
"Necromys lasiurus",-52.95,-18.07
"Necromys lasiurus",-52.87,-18.19
"Necromys lasiurus",-53,-18.12
"Necromys lasiurus",-52.82,-18.33
"Necromys lasiurus",-47.87,-15.93
"Necromys lasiurus",-47.84,-15.88
"Necromys lasiurus",-50.72,-18.43
"Necromys lasiurus",-55.3,-20.56
"Necromys lasiurus",-51.97,-18.66
"Necromys lasiurus",-45.95,-14.78
"Necromys lasiurus",-45.97,-14.8
"Necromys lasiurus",-43.97,-20.04
"Necromys lasiurus",-57.49,-14.62
"Necromys lasiurus",-54.96,-20.93
"Necromys lasiurus",-48.33,-13.86
"Necromys lasiurus",-48.33,-13.88
"Necromys lasiurus",-48.77,-11.33
"Necromys lasiurus",-47.64,-14.12
"Necromys lasiurus",-43.88,-19.99
"Necromys lasiurus",-43.95,-19.63
"Necromys lasiurus",-43.13,-16.05
"Necromys lasiurus",-43.07,-16.04
"Necromys lasiurus",-41.55,-5.32
"Necromys lasiurus",-48.96,-12.18
"Nectomys squamipes",-36.18,-10.14
"Nectomys squamipes",-37.29,-10.81
"Nectomys squamipes",-39.04,-13.53
"Nectomys squamipes",-39.71,-13.58
"Nectomys squamipes",-39.67,-13.86
"Nectomys squamipes",-39.14,-14.02
"Nectomys squamipes",-39.06,-15.17
"Nectomys squamipes",-39.37,-15.97
"Nectomys squamipes",-39.84,-17.17
"Nectomys squamipes",-43.37,-19.9
"Nectomys squamipes",-40.53,-19.95
"Nectomys squamipes",-40.58,-19.97
"Nectomys squamipes",-42.81,-20.24
"Nectomys squamipes",-42.88,-20.25
"Nectomys squamipes",-40.46,-20.37
"Nectomys squamipes",-40.45,-20.38
"Nectomys squamipes",-40.47,-20.38
"Nectomys squamipes",-40.59,-20.78
"Nectomys squamipes",-44.92,-21.26
"Nectomys squamipes",-44.99,-21.3
"Nectomys squamipes",-44.56,-21.58
"Nectomys squamipes",-44.58,-21.59
"Nectomys squamipes",-42.93,-22.36
"Nectomys squamipes",-47.48,-22.36
"Nectomys squamipes",-52.37,-22.4
"Nectomys squamipes",-42.97,-22.45
"Nectomys squamipes",-42.86,-22.51
"Nectomys squamipes",-42.88,-22.51
"Nectomys squamipes",-52.28,-22.52
"Nectomys squamipes",-42.35,-22.53
"Nectomys squamipes",-42.33,-22.54
"Nectomys squamipes",-42.83,-22.54
"Nectomys squamipes",-42.97,-22.56
"Nectomys squamipes",-42.9,-22.58
"Nectomys squamipes",-42.86,-22.59
"Nectomys squamipes",-43.44,-22.93
"Nectomys squamipes",-44.09,-22.98
"Nectomys squamipes",-45.08,-23.32
"Nectomys squamipes",-46.6,-23.37
"Nectomys squamipes",-46.96,-23.67
"Nectomys squamipes",-48.09,-24.23
"Nectomys squamipes",-47.03,-24.39
"Nectomys squamipes",-47.92,-25.07
"Nectomys squamipes",-48.89,-25.47
"Nectomys squamipes",-48.64,-25.61
"Nectomys squamipes",-48.6,-25.66
"Nectomys squamipes",-48.53,-26.24
"Nectomys squamipes",-51.33,-26.43
"Nectomys squamipes",-49.1,-27.05
"Nectomys squamipes",-51.78,-27.14
"Nectomys squamipes",-53.03,-27.44
"Nectomys squamipes",-48.51,-27.6
"Nectomys squamipes",-52.22,-28.04
"Nectomys squamipes",-49.6,-28.61
"Nectomys squamipes",-49.76,-28.84
"Nectomys squamipes",-50.11,-29.51
"Nectomys squamipes",-52.2,-29.58
"Nectomys squamipes",-35.49,-7.59
"Nectomys squamipes",-43.63,-19.33
"Nectomys squamipes",-41.8,-20.37
"Nectomys squamipes",-41.92,-20.63
"Nectomys squamipes",-55.15,-21.63
"Nectomys squamipes",-45.18,-22.6
"Nectomys squamipes",-56.92,-25.67
"Nectomys squamipes",-38.7,-13.01
"Nectomys squamipes",-39.09,-12.85
"Nectomys squamipes",-44.63,-22.38
"Nectomys squamipes",-54.77,-26.62
"Nectomys squamipes",-47.82,-24.37
"Nectomys squamipes",-47.75,-24.25
"Nectomys squamipes",-47.73,-24.02
"Nectomys squamipes",-47.77,-24
"Nectomys squamipes",-45.87,-23.63
"Nectomys squamipes",-48.75,-25.83
"Nectomys squamipes",-50,-24.78
"Nectomys squamipes",-50.35,-25.63
"Nectomys squamipes",-52.87,-22.62
"Nectomys squamipes",-49.11,-25.76
"Nectomys squamipes",-53.8,-25.5
"Nectomys squamipes",-48.17,-25.35
"Nectomys squamipes",-53.07,-25.57
"Nectomys squamipes",-48.65,-24.7
"Nectomys squamipes",-48.76,-25.35
"Nectomys squamipes",-49.67,-24.17
"Nectomys squamipes",-53.47,-25.55
"Nectomys squamipes",-48.87,-25.37
"Nectomys squamipes",-49.8,-23.85
"Nectomys squamipes",-48.32,-25.29
"Nectomys squamipes",-48.42,-25.33
"Nectomys squamipes",-48.27,-25.27
"Nectomys squamipes",-50.5,-24.25
"Nectomys squamipes",-48.33,-25.51
"Nectomys squamipes",-48.97,-25.72
"Nectomys squamipes",-48.89,-25.43
"Nectomys squamipes",-50.03,-23.77
"Nectomys squamipes",-42.68,-21.87
"Nectomys squamipes",-44.03,-22.95
"Nectomys squamipes",-39.1,-14.72
"Nectomys squamipes",-36.48,-9.33
"Nectomys squamipes",-44.35,-23.17
"Nectomys squamipes",-43.9,-22.95
"Nectomys squamipes",-43.43,-22.6
"Nectomys squamipes",-44.52,-23.02
"Nectomys squamipes",-39.08,-13.3
"Nectomys squamipes",-42.05,-22.24
"Nectomys squamipes",-43.12,-22.65
"Nectomys squamipes",-41.67,-22.28
"Nectomys squamipes",-36.22,-9.4
"Nectomys squamipes",-38.57,-12.57
"Nectomys squamipes",-44.77,-23.2
"Nectomys squamipes",-37.35,-10.77
"Nectomys squamipes",-51.58,-29.99
"Nectomys squamipes",-45.35,-23.82
"Nectomys squamipes",-48.42,-24.33
"Nectomys squamipes",-47.62,-23.43
"Nectomys squamipes",-51.52,-20.67
"Nectomys squamipes",-45.34,-23.84
"Nectomys squamipes",-50.98,-21.43
"Nectomys squamipes",-46.65,-23.42
"Nectomys squamipes",-40.6,-19.93
"Nectomys squamipes",-47.62,-23.5
"Nectomys squamipes",-47.85,-24.32
"Nectomys squamipes",-47.65,-24.15
"Nectomys squamipes",-45.95,-23.62
"Nectomys squamipes",-48.02,-23.68
"Nectomys squamipes",-48.58,-24.58
"Nectomys squamipes",-39.83,-19.2
"Nectomys squamipes",-52.37,-21.68
"Nectomys squamipes",-45.9,-23.65
"Nectomys squamipes",-39.52,-15.18
"Nectomys squamipes",-48.58,-23.8
"Nectomys squamipes",-46.15,-23.85
"Nectomys squamipes",-44.37,-22.81
"Nectomys squamipes",-39.23,-17.08
"Nectomys squamipes",-48.15,-22.75
"Nectomys squamipes",-39.15,-16.33
"Nectomys squamipes",-39.22,-13.28
"Nectomys squamipes",-39.27,-15.13
"Nectomys squamipes",-39.03,-15.22
"Nectomys squamipes",-43.95,-19.47
"Nectomys squamipes",-34.87,-7.83
"Nectomys squamipes",-41,-20.45
"Nectomys squamipes",-55.7,-24.55
"Nectomys squamipes",-57.24,-25.73
"Nectomys squamipes",-55.65,-24.45
"Nectomys squamipes",-56.38,-27.06
"Nectomys squamipes",-56.39,-27.12
"Nectomys squamipes",-56.24,-24.97
"Nectomys squamipes",-57.05,-26.02
"Nectomys squamipes",-55.9,-26.49
"Nectomys squamipes",-55.7,-24.16
"Nectomys squamipes",-56.92,-24.12
"Nectomys squamipes",-45.92,-23.75
"Nectomys squamipes",-47.17,-22.27
"Nectomys squamipes",-43,-22.5
"Oecomys catherinae",-35,-7.84
"Oecomys catherinae",-35.02,-8
"Oecomys catherinae",-35.08,-7.12
"Oecomys catherinae",-35.1,-6.8
"Oecomys catherinae",-35.1,-7.84
"Oecomys catherinae",-35.18,-8.73
"Oecomys catherinae",-35.84,-8.72
"Oecomys catherinae",-35.84,-9
"Oecomys catherinae",-37.29,-10.81
"Oecomys catherinae",-37.42,-11.26
"Oecomys catherinae",-39.39,-15.2
"Oecomys catherinae",-39.84,-17.17
"Oecomys catherinae",-39.91,-16.6
"Oecomys catherinae",-40.46,-20.39
"Oecomys catherinae",-40.52,-20.28
"Oecomys catherinae",-40.53,-19.95
"Oecomys catherinae",-40.54,-19.97
"Oecomys catherinae",-40.58,-19.97
"Oecomys catherinae",-40.8,-19.2
"Oecomys catherinae",-40.83,-18.89
"Oecomys catherinae",-41.87,-21.49
"Oecomys catherinae",-42.2,-22.48
"Oecomys catherinae",-42.3,-20.13
"Oecomys catherinae",-42.35,-22.53
"Oecomys catherinae",-42.67,-22.05
"Oecomys catherinae",-42.81,-22.54
"Oecomys catherinae",-42.86,-22.51
"Oecomys catherinae",-42.86,-22.59
"Oecomys catherinae",-42.88,-22.51
"Oecomys catherinae",-42.95,-22.56
"Oecomys catherinae",-42.96,-22.56
"Oecomys catherinae",-43.35,-19.87
"Oecomys catherinae",-43.37,-19.9
"Oecomys catherinae",-43.44,-22.93
"Oecomys catherinae",-44.11,-22.92
"Oecomys catherinae",-44.6,-22.44
"Oecomys catherinae",-44.85,-23.35
"Oecomys catherinae",-45.08,-23.32
"Oecomys catherinae",-47.26,-13.78
"Oecomys catherinae",-47.87,-15.67
"Oecomys catherinae",-47.92,-25.07
"Oecomys catherinae",-47.92,-15.83
"Oecomys catherinae",-47.96,-15.95
"Oecomys catherinae",-48.09,-24.23
"Oecomys catherinae",-48.16,-17.72
"Oecomys catherinae",-48.22,-13.56
"Oecomys catherinae",-48.33,-24.29
"Oecomys catherinae",-48.34,-24
"Oecomys catherinae",-48.39,-19.91
"Oecomys catherinae",-48.42,-24.33
"Oecomys catherinae",-48.51,-27.6
"Oecomys catherinae",-48.56,-18.14
"Oecomys catherinae",-48.63,-17.75
"Oecomys catherinae",-48.83,-20.42
"Oecomys catherinae",-48.85,-26.3
"Oecomys catherinae",-52.37,-22.4
"Oecomys catherinae",-54.96,-20.69
"Oecomys catherinae",-52.03,-21.25
"Oligoryzomys nigripes",-47.95,-16
"Oligoryzomys nigripes",-41.63,-11.6
"Oligoryzomys nigripes",-39.07,-15.3
"Oligoryzomys nigripes",-47.92,-15.77
"Oligoryzomys nigripes",-43.57,-16.82
"Oligoryzomys nigripes",-48.15,-17.72
"Oligoryzomys nigripes",-48.62,-17.73
"Oligoryzomys nigripes",-48.55,-18.13
"Oligoryzomys nigripes",-47.75,-19.72
"Oligoryzomys nigripes",-40.73,-20.03
"Oligoryzomys nigripes",-40.47,-20.27
"Oligoryzomys nigripes",-46.58,-20.3
"Oligoryzomys nigripes",-41.88,-20.52
"Oligoryzomys nigripes",-41.78,-20.63
"Oligoryzomys nigripes",-56.85,-20.7
"Oligoryzomys nigripes",-42.88,-20.75
"Oligoryzomys nigripes",-47.8,-21.32
"Oligoryzomys nigripes",-47.7,-21.55
"Oligoryzomys nigripes",-44.92,-21.97
"Oligoryzomys nigripes",-42.67,-22.05
"Oligoryzomys nigripes",-42.52,-22.27
"Oligoryzomys nigripes",-47.53,-22.38
"Oligoryzomys nigripes",-42.97,-22.42
"Oligoryzomys nigripes",-49.92,-22.42
"Oligoryzomys nigripes",-42.53,-22.43
"Oligoryzomys nigripes",-48.17,-22.55
"Oligoryzomys nigripes",-56.77,-22.57
"Oligoryzomys nigripes",-55.97,-22.62
"Oligoryzomys nigripes",-46.92,-22.72
"Oligoryzomys nigripes",-45.65,-22.82
"Oligoryzomys nigripes",-43.77,-22.87
"Oligoryzomys nigripes",-45.53,-23.02
"Oligoryzomys nigripes",-47.05,-23.43
"Oligoryzomys nigripes",-48.03,-23.6
"Oligoryzomys nigripes",-47.7,-23.8
"Oligoryzomys nigripes",-49.42,-23.97
"Oligoryzomys nigripes",-47.63,-24.12
"Oligoryzomys nigripes",-48.5,-24.2
"Oligoryzomys nigripes",-47.22,-24.27
"Oligoryzomys nigripes",-47.63,-24.32
"Oligoryzomys nigripes",-47.53,-24.72
"Oligoryzomys nigripes",-47.55,-24.72
"Oligoryzomys nigripes",-56.38,-25.17
"Oligoryzomys nigripes",-57.57,-25.27
"Oligoryzomys nigripes",-57.67,-25.27
"Oligoryzomys nigripes",-55.72,-25.42
"Oligoryzomys nigripes",-49.05,-25.43
"Oligoryzomys nigripes",-54.5,-25.5
"Oligoryzomys nigripes",-56.92,-25.67
"Oligoryzomys nigripes",-48.57,-25.87
"Oligoryzomys nigripes",-57.03,-26.02
"Oligoryzomys nigripes",-54.77,-26.62
"Oligoryzomys nigripes",-57.03,-26.87
"Oligoryzomys nigripes",-56.37,-27.12
"Oligoryzomys nigripes",-52.02,-27.22
"Oligoryzomys nigripes",-53.87,-27.25
"Oligoryzomys nigripes",-52.32,-27.27
"Oligoryzomys nigripes",-55.88,-27.32
"Oligoryzomys nigripes",-52.32,-27.38
"Oligoryzomys nigripes",-51.18,-28.05
"Oligoryzomys nigripes",-51.17,-28.32
"Oligoryzomys nigripes",-53.78,-29.02
"Oligoryzomys nigripes",-53.83,-29.07
"Oligoryzomys nigripes",-53.85,-29.07
"Oligoryzomys nigripes",-51.17,-29.17
"Oligoryzomys nigripes",-50.28,-29.27
"Oligoryzomys nigripes",-49.72,-29.33
"Oligoryzomys nigripes",-50.93,-29.58
"Oligoryzomys nigripes",-51.03,-29.58
"Oligoryzomys nigripes",-51,-29.62
"Oligoryzomys nigripes",-50.45,-29.63
"Oligoryzomys nigripes",-50.17,-29.67
"Oligoryzomys nigripes",-51.18,-29.77
"Oligoryzomys nigripes",-50.15,-29.8
"Oligoryzomys nigripes",-50.27,-29.88
"Oligoryzomys nigripes",-50.13,-29.97
"Oligoryzomys nigripes",-50.2,-29.97
"Oligoryzomys nigripes",-51.62,-29.97
"Oligoryzomys nigripes",-51.22,-30.02
"Oligoryzomys nigripes",-51.6,-30.08
"Oligoryzomys nigripes",-51.17,-30.18
"Oligoryzomys nigripes",-51.67,-30.3
"Oligoryzomys nigripes",-50.27,-30.33
"Oligoryzomys nigripes",-51.38,-30.67
"Oligoryzomys nigripes",-50.95,-31.1
"Oligoryzomys nigripes",-38.92,-4.22
"Oligoryzomys nigripes",-47.16,-13.44
"Oligoryzomys nigripes",-46.28,-13.59
"Oligoryzomys nigripes",-46.37,-13.64
"Oligoryzomys nigripes",-39.14,-14.02
"Oligoryzomys nigripes",-47.7,-14.09
"Oligoryzomys nigripes",-47.71,-14.09
"Oligoryzomys nigripes",-46.11,-14.5
"Oligoryzomys nigripes",-47.13,-14.97
"Oligoryzomys nigripes",-45.9,-15.38
"Oligoryzomys nigripes",-48.05,-15.49
"Oligoryzomys nigripes",-48.05,-15.56
"Oligoryzomys nigripes",-48.01,-15.6
"Oligoryzomys nigripes",-47.71,-15.61
"Oligoryzomys nigripes",-48.03,-15.69
"Oligoryzomys nigripes",-48,-15.7
"Oligoryzomys nigripes",-48.01,-15.71
"Oligoryzomys nigripes",-47.83,-15.86
"Oligoryzomys nigripes",-47.83,-15.92
"Oligoryzomys nigripes",-47.86,-15.94
"Oligoryzomys nigripes",-47.94,-15.94
"Oligoryzomys nigripes",-47.96,-15.95
"Oligoryzomys nigripes",-47.97,-15.96
"Oligoryzomys nigripes",-39.37,-15.97
"Oligoryzomys nigripes",-48.63,-17.85
"Oligoryzomys nigripes",-51.97,-18.66
"Oligoryzomys nigripes",-57.63,-19.2
"Oligoryzomys nigripes",-57.56,-19.21
"Oligoryzomys nigripes",-43.63,-19.33
"Oligoryzomys nigripes",-43.97,-19.61
"Oligoryzomys nigripes",-43.95,-19.63
"Oligoryzomys nigripes",-40.53,-19.95
"Oligoryzomys nigripes",-40.6,-19.96
"Oligoryzomys nigripes",-40.54,-19.97
"Oligoryzomys nigripes",-40.58,-19.97
"Oligoryzomys nigripes",-43.97,-20.05
"Oligoryzomys nigripes",-40.46,-20.37
"Oligoryzomys nigripes",-40.61,-20.77
"Oligoryzomys nigripes",-48.01,-21.08
"Oligoryzomys nigripes",-57.48,-21.08
"Oligoryzomys nigripes",-44.92,-21.26
"Oligoryzomys nigripes",-44.99,-21.29
"Oligoryzomys nigripes",-44.99,-21.3
"Oligoryzomys nigripes",-44.56,-21.58
"Oligoryzomys nigripes",-44.56,-21.59
"Oligoryzomys nigripes",-42.93,-22.36
"Oligoryzomys nigripes",-47.48,-22.36
"Oligoryzomys nigripes",-52.37,-22.4
"Oligoryzomys nigripes",-43.01,-22.47
"Oligoryzomys nigripes",-42.86,-22.51
"Oligoryzomys nigripes",-52.28,-22.52
"Oligoryzomys nigripes",-42.83,-22.54
"Oligoryzomys nigripes",-42.86,-22.59
"Oligoryzomys nigripes",-47.63,-22.69
"Oligoryzomys nigripes",-43.44,-22.92
"Oligoryzomys nigripes",-43.46,-22.93
"Oligoryzomys nigripes",-45.08,-23.32
"Oligoryzomys nigripes",-48.47,-23.34
"Oligoryzomys nigripes",-48.44,-23.39
"Oligoryzomys nigripes",-45.23,-23.43
"Oligoryzomys nigripes",-46.96,-23.67
"Oligoryzomys nigripes",-46.95,-23.68
"Oligoryzomys nigripes",-46.95,-23.72
"Oligoryzomys nigripes",-47,-23.74
"Oligoryzomys nigripes",-47.12,-23.77
"Oligoryzomys nigripes",-47.67,-23.93
"Oligoryzomys nigripes",-55.45,-24.12
"Oligoryzomys nigripes",-55.43,-24.15
"Oligoryzomys nigripes",-48.1,-24.22
"Oligoryzomys nigripes",-48.33,-24.29
"Oligoryzomys nigripes",-55.35,-24.54
"Oligoryzomys nigripes",-54.47,-24.82
"Oligoryzomys nigripes",-47.92,-25.07
"Oligoryzomys nigripes",-53.65,-25.07
"Oligoryzomys nigripes",-48.24,-25.15
"Oligoryzomys nigripes",-48.89,-25.47
"Oligoryzomys nigripes",-48.64,-25.61
"Oligoryzomys nigripes",-48.6,-25.66
"Oligoryzomys nigripes",-48.6,-25.74
"Oligoryzomys nigripes",-48.53,-26.24
"Oligoryzomys nigripes",-51.33,-26.43
"Oligoryzomys nigripes",-55.76,-26.46
"Oligoryzomys nigripes",-51.71,-26.58
"Oligoryzomys nigripes",-49.67,-26.7
"Oligoryzomys nigripes",-49.1,-27.05
"Oligoryzomys nigripes",-51.78,-27.14
"Oligoryzomys nigripes",-53.03,-27.44
"Oligoryzomys nigripes",-48.51,-27.6
"Oligoryzomys nigripes",-52.22,-28.04
"Oligoryzomys nigripes",-52.19,-28.32
"Oligoryzomys nigripes",-49.59,-28.6
"Oligoryzomys nigripes",-50.2,-29.32
"Oligoryzomys nigripes",-49.76,-29.37
"Oligoryzomys nigripes",-50.19,-29.38
"Oligoryzomys nigripes",-50.39,-29.42
"Oligoryzomys nigripes",-50.21,-29.48
"Oligoryzomys nigripes",-50.2,-29.49
"Oligoryzomys nigripes",-50.11,-29.51
"Oligoryzomys nigripes",-52.2,-29.58
"Oligoryzomys nigripes",-53.85,-29.79
"Oligoryzomys nigripes",-51.03,-30.23
"Oligoryzomys nigripes",-50.35,-30.37
"Oligoryzomys nigripes",-50.34,-30.38
"Oligoryzomys nigripes",-35.49,-7.59
"Oxymycterus dasytrichus",-37.29,-10.81
"Oxymycterus dasytrichus",-37.42,-11.26
"Oxymycterus dasytrichus",-39.04,-13.53
"Oxymycterus dasytrichus",-39.23,-13.7
"Oxymycterus dasytrichus",-39.67,-13.86
"Oxymycterus dasytrichus",-43.35,-19.87
"Oxymycterus dasytrichus",-43.37,-19.9
"Oxymycterus dasytrichus",-40.53,-19.95
"Oxymycterus dasytrichus",-40.46,-20.37
"Oxymycterus dasytrichus",-40.45,-20.38
"Oxymycterus dasytrichus",-41.86,-21.87
"Oxymycterus dasytrichus",-42.86,-22.59
"Oxymycterus dasytrichus",-44.09,-22.98
"Oxymycterus dasytrichus",-46.6,-23.37
"Oxymycterus dasytrichus",-46.96,-23.67
"Oxymycterus dasytrichus",-47,-23.74
"Oxymycterus dasytrichus",-48.33,-24.29
"Oxymycterus dasytrichus",-48.6,-25.74
"Oxymycterus dasytrichus",-48.51,-27.6
"Oxymycterus dasytrichus",-46.48,-20.22
"Oxymycterus dasytrichus",-43.63,-19.33
"Oxymycterus dasytrichus",-47.8,-24.62
"Oxymycterus dasytrichus",-47.57,-23.63
"Oxymycterus dasytrichus",-45.07,-23.43
"Oxymycterus dasytrichus",-47.92,-25
"Oxymycterus dasytrichus",-48.4,-24.25
"Oxymycterus dasytrichus",-46.13,-23.85
"Oxymycterus dasytrichus",-44.23,-23.15
"Oxymycterus dasytrichus",-44.6,-23.04
"Oxymycterus dasytrichus",-44.7,-23.22
"Oxymycterus dasytrichus",-43.2,-22.9
"Oxymycterus dasytrichus",-40.6,-19.93
"Oxymycterus dasytrichus",-41.13,-20.33
"Oxymycterus dasytrichus",-41.1,-20.83
"Oxymycterus dasytrichus",-40.18,-19.58
"Oxymycterus dasytrichus",-42.7,-21.88
"Oxymycterus dasytrichus",-43.5,-20.38
"Oxymycterus dasytrichus",-46.6,-20.72
"Oxymycterus dasytrichus",-42.87,-20.75
"Oxymycterus dasytrichus",-48.18,-18.63
"Oxymycterus dasytrichus",-43.42,-19.03
"Oxymycterus dasytrichus",-43.37,-18.6
"Oxymycterus dasytrichus",-43.88,-19.62
"Oxymycterus dasytrichus",-48.95,-16.32
"Oxymycterus dasytrichus",-39.05,-13.48
"Oxymycterus dasytrichus",-41.55,-12.52
"Oxymycterus dasytrichus",-39.05,-16.43
"Oxymycterus dasytrichus",-39.55,-18.08
"Oxymycterus dasytrichus",-40.08,-13.85
"Oxymycterus dasytrichus",-37.75,-11.47
"Oxymycterus dasytrichus",-35.52,-9.15
"Oxymycterus dasytrichus",-36.08,-9.77
"Oxymycterus dasytrichus",-35.43,-7.55
"Oxymycterus dasytrichus",-35.02,-8
"Oxymycterus dasytrichus",-36.48,-8.88
"Oxymycterus delator",-44.56,-21.59
"Oxymycterus delator",-47.95,-15.95
"Oxymycterus delator",-47.93,-15.98
"Oxymycterus delator",-47.85,-15.87
"Oxymycterus delator",-45.9,-15.38
"Oxymycterus delator",-44.17,-8.83
"Oxymycterus delator",-47.23,-10.5
"Oxymycterus delator",-48.01,-15.73
"Oxymycterus delator",-43.97,-20.05
"Oxymycterus delator",-46.29,-13.6
"Oxymycterus delator",-47.71,-14.1
"Oxymycterus delator",-47.7,-14.09
"Oxymycterus delator",-47.89,-15.95
"Oxymycterus delator",-47.61,-15.58
"Oxymycterus delator",-55.88,-15.33
"Oxymycterus delator",-46.48,-20.22
"Oxymycterus delator",-57.05,-15.45
"Oxymycterus delator",-55.45,-24.12
"Oxymycterus delator",-50.48,-10.45
"Oxymycterus delator",-46.85,-11.23
"Oxymycterus delator",-52.89,-18.16
"Oxymycterus delator",-53,-18.12
"Oxymycterus delator",-52.88,-18.25
"Oxymycterus delator",-52.93,-18.06
"Oxymycterus delator",-47.84,-15.88
"Oxymycterus delator",-55.3,-20.56
"Oxymycterus delator",-52.89,-18.26
"Oxymycterus delator",-45.95,-14.78
"Oxymycterus delator",-45.97,-14.82
"Oxymycterus delator",-54.96,-20.93
"Oxymycterus delator",-47.64,-14.12
"Oxymycterus delator",-43.63,-19.33
"Oxymycterus delator",-47.86,-15.94
"Oxymycterus quaestor",-54.58,-25.6
"Oxymycterus quaestor",-55.04,-27
"Oxymycterus quaestor",-55.27,-24.24
"Oxymycterus quaestor",-42.53,-22.28
"Oxymycterus quaestor",-42.97,-22.41
"Oxymycterus quaestor",-43.07,-22.49
"Oxymycterus quaestor",-48.42,-24.33
"Oxymycterus quaestor",-46.96,-23.59
"Oxymycterus quaestor",-49.01,-25.47
"Oxymycterus quaestor",-48.99,-25.49
"Oxymycterus quaestor",-49.06,-25.44
"Oxymycterus quaestor",-50.62,-24.32
"Oxymycterus quaestor",-53.13,-25.62
"Oxymycterus quaestor",-53.38,-25.49
"Oxymycterus quaestor",-48.98,-25.71
"Oxymycterus quaestor",-49.88,-25.78
"Oxymycterus quaestor",-51.66,-25.7
"Oxymycterus quaestor",-52.27,-27.63
"Oxymycterus quaestor",-52.3,-27.39
"Oxymycterus quaestor",-52.25,-27.32
"Oxymycterus quaestor",-50.21,-29.68
"Oxymycterus quaestor",-50.11,-29.49
"Oxymycterus quaestor",-51.53,-28.86
"Oxymycterus quaestor",-53.07,-28.06
"Oxymycterus quaestor",-51.41,-28.99
"Oxymycterus quaestor",-51.84,-28.98
"Oxymycterus quaestor",-50.42,-28.67
"Oxymycterus quaestor",-50.93,-28.51
"Oxymycterus quaestor",-53.89,-27.15
"Oxymycterus quaestor",-50.46,-27.16
"Oxymycterus quaestor",-49.52,-26.25
"Oxymycterus quaestor",-49.85,-28.83
"Oxymycterus quaestor",-50.66,-28.34
"Oxymycterus quaestor",-51.02,-27.61
"Oxymycterus quaestor",-49.13,-27.9
"Oxymycterus quaestor",-49.07,-26.91
"Oxymycterus quaestor",-50.76,-27.9
"Oxymycterus quaestor",-49.48,-26.71
"Oxymycterus quaestor",-52.26,-26.85
"Oxymycterus quaestor",-48.96,-26.93
"Oxymycterus quaestor",-49.52,-27.06
"Oxymycterus quaestor",-49.23,-26.9
"Oxymycterus quaestor",-52.32,-27.29
"Oxymycterus quaestor",-48.93,-26.72
"Oxymycterus quaestor",-52.53,-26.56
"Oxymycterus quaestor",-50.58,-27.66
"Oxymycterus quaestor",-49.24,-26.43
"Oxymycterus quaestor",-52.37,-22.4
"Oxymycterus quaestor",-52.28,-22.52
"Oxymycterus quaestor",-46.96,-23.67
"Oxymycterus quaestor",-48.33,-24.29
"Oxymycterus quaestor",-48.6,-25.66
"Oxymycterus quaestor",-48.6,-25.74
"Oxymycterus quaestor",-51.33,-26.43
"Oxymycterus quaestor",-51.78,-27.14
"Oxymycterus quaestor",-53.03,-27.44
"Oxymycterus quaestor",-48.51,-27.6
"Oxymycterus quaestor",-49.61,-28.62
"Oxymycterus quaestor",-50.11,-29.51
"Oxymycterus quaestor",-52.2,-29.58
"Oxymycterus quaestor",-50.35,-30.38
"Philander quica",-39.14,-14.02
"Philander quica",-43.35,-19.87
"Philander quica",-43.37,-19.9
"Philander quica",-40.53,-19.95
"Philander quica",-40.58,-19.95
"Philander quica",-40.54,-19.97
"Philander quica",-40.58,-19.97
"Philander quica",-40.46,-20.37
"Philander quica",-40.43,-20.39
"Philander quica",-40.6,-20.77
"Philander quica",-42.93,-22.36
"Philander quica",-52.37,-22.4
"Philander quica",-42.97,-22.45
"Philander quica",-42.76,-22.47
"Philander quica",-43.01,-22.47
"Philander quica",-42.79,-22.52
"Philander quica",-42.35,-22.53
"Philander quica",-42.86,-22.53
"Philander quica",-42.8,-22.54
"Philander quica",-42.91,-22.54
"Philander quica",-42.9,-22.58
"Philander quica",-42.86,-22.59
"Philander quica",-43.44,-22.92
"Philander quica",-42.83,-22.95
"Philander quica",-44.09,-22.98
"Philander quica",-45.08,-23.32
"Philander quica",-45.23,-23.43
"Philander quica",-46.96,-23.67
"Philander quica",-47,-23.74
"Philander quica",-47.67,-23.93
"Philander quica",-48.1,-24.22
"Philander quica",-48.33,-24.29
"Philander quica",-47.03,-24.39
"Philander quica",-48.26,-25.15
"Philander quica",-48.89,-25.47
"Philander quica",-48.64,-25.61
"Philander quica",-48.6,-25.66
"Philander quica",-51.33,-26.43
"Philander quica",-49.67,-26.7
"Philander quica",-52.57,-27.22
"Philander quica",-48.51,-27.6
"Philander quica",-49.59,-28.6
"Philander quica",-50.08,-29.17
"Philander quica",-50.39,-29.42
"Philander quica",-50.21,-29.48
"Philander quica",-43.97,-20.05
"Philander quica",-43.97,-20.04
"Philander quica",-43.63,-19.33
"Phyllomys nigrispinus",-44.84,-23.19
"Phyllomys nigrispinus",-50.38,-21.78
"Phyllomys nigrispinus",-46.85,-23
"Phyllomys nigrispinus",-47.63,-23.44
"Phyllomys nigrispinus",-46.62,-23.53
"Phyllomys nigrispinus",-48.05,-23.58
"Phyllomys nigrispinus",-46.77,-23.6
"Phyllomys nigrispinus",-46.99,-23.68
"Phyllomys nigrispinus",-46.95,-23.71
"Phyllomys nigrispinus",-46.7,-23.72
"Phyllomys nigrispinus",-45.89,-23.74
"Phyllomys nigrispinus",-47,-23.74
"Phyllomys nigrispinus",-47,-23.76
"Phyllomys nigrispinus",-47.01,-23.79
"Phyllomys nigrispinus",-47.38,-23.96
"Phyllomys nigrispinus",-48.37,-24.22
"Phyllomys nigrispinus",-47.73,-24.3
"Phyllomys nigrispinus",-47.82,-24.37
"Phyllomys nigrispinus",-47.47,-24.68
"Phyllomys nigrispinus",-47.97,-25.13
"Phyllomys nigrispinus",-49.53,-25.6
"Phyllomys nigrispinus",-52.37,-27.28
"Phyllomys nigrispinus",-48.43,-27.46
"Phyllomys nigrispinus",-48.54,-27.69
"Phyllomys pattoni",-39.07,-14.41
"Phyllomys pattoni",-39.13,-14.66
"Phyllomys pattoni",-39.19,-14.66
"Phyllomys pattoni",-39.27,-14.8
"Phyllomys pattoni",-41.38,-14.82
"Phyllomys pattoni",-39.08,-14.83
"Phyllomys pattoni",-39.32,-14.95
"Phyllomys pattoni",-39.07,-15.3
"Phyllomys pattoni",-39.26,-17.73
"Phyllomys pattoni",-39.23,-17.76
"Phyllomys pattoni",-39.26,-17.79
"Phyllomys pattoni",-39.26,-17.8
"Phyllomys pattoni",-39.56,-17.98
"Phyllomys pattoni",-41.83,-19.83
"Phyllomys pattoni",-42.88,-20.75
"Phyllomys pattoni",-42.86,-20.8
"Phyllomys pattoni",-42.68,-21.87
"Phyllomys pattoni",-39.95,-19.13
"Phyllomys pattoni",-40.2,-19.17
"Phyllomys pattoni",-39.98,-19.53
"Phyllomys pattoni",-39.82,-19.62
"Phyllomys pattoni",-40.35,-20.35
"Phyllomys pattoni",-40.54,-19.97
"Phyllomys pattoni",-40.3,-20.22
"Phyllomys pattoni",-40.52,-20.28
"Phyllomys pattoni",-40.47,-20.28
"Phyllomys pattoni",-41.13,-20.33
"Phyllomys pattoni",-41.26,-21.71
"Phyllomys pattoni",-42.73,-22.2
"Phyllomys pattoni",-42.53,-22.27
"Phyllomys pattoni",-42.83,-22.42
"Phyllomys pattoni",-42.98,-22.43
"Phyllomys pattoni",-42.99,-22.47
"Phyllomys pattoni",-42.85,-22.48
"Phyllomys pattoni",-44.23,-23.15
"Phyllomys pattoni",-45.18,-22.6
"Phyllomys sulinus",-52.17,-22.52
"Phyllomys sulinus",-45.13,-23.36
"Phyllomys sulinus",-45.9,-23.65
"Phyllomys sulinus",-46.95,-23.7
"Phyllomys sulinus",-47.12,-23.73
"Phyllomys sulinus",-47.07,-23.74
"Phyllomys sulinus",-47,-23.75
"Phyllomys sulinus",-47,-23.76
"Phyllomys sulinus",-47.46,-23.89
"Phyllomys sulinus",-49.3,-25.42
"Phyllomys sulinus",-50.93,-27.58
"Phyllomys sulinus",-48.5,-27.6
"Phyllomys sulinus",-48.8,-27.69
"Phyllomys sulinus",-48.78,-27.83
"Phyllomys sulinus",-52.32,-27.27
"Phyllomys sulinus",-49.83,-29.25
"Rhipidomys itoan",-43.01,-22.47
"Rhipidomys itoan",-42.86,-22.51
"Rhipidomys itoan",-42.83,-22.54
"Rhipidomys itoan",-44.09,-22.98
"Rhipidomys itoan",-45.08,-23.32
"Rhipidomys itoan",-47,-23.74
"Rhipidomys itoan",-48.33,-24.29
"Rhipidomys itoan",-43.03,-22.65
"Rhipidomys itoan",-42.97,-22.62
"Rhipidomys itoan",-42.9,-22.57
"Rhipidomys itoan",-44.33,-23.15
"Rhipidomys itoan",-44.17,-23.13
"Rhipidomys itoan",-44.23,-23.15
"Rhipidomys itoan",-43.97,-23.05
"Rhipidomys itoan",-44.57,-23.32
"Rhipidomys itoan",-44.62,-22.43
"Rhipidomys itoan",-45.42,-23.8
"Rhipidomys itoan",-45.9,-23.65
"Rhipidomys itoan",-47.68,-23.82
"Rhipidomys macrurus",-55.43,-24.15
"Rhipidomys macrurus",-47.93,-15.98
"Rhipidomys macrurus",-47.94,-15.94
"Rhipidomys macrurus",-45.9,-15.38
"Rhipidomys macrurus",-44.17,-8.83
"Rhipidomys macrurus",-47.13,-14.97
"Rhipidomys macrurus",-48.01,-15.73
"Rhipidomys macrurus",-54.56,-20.45
"Rhipidomys macrurus",-46.29,-13.59
"Rhipidomys macrurus",-47.71,-14.1
"Rhipidomys macrurus",-51.72,-17.89
"Rhipidomys macrurus",-47.89,-15.96
"Rhipidomys macrurus",-48.05,-15.49
"Rhipidomys macrurus",-48.05,-15.56
"Rhipidomys macrurus",-48.01,-15.6
"Rhipidomys macrurus",-47.93,-15.68
"Rhipidomys macrurus",-47.26,-15.63
"Rhipidomys macrurus",-47.31,-15.63
"Rhipidomys macrurus",-47.51,-15.9
"Rhipidomys macrurus",-47.57,-15.88
"Rhipidomys macrurus",-47.71,-15.59
"Rhipidomys macrurus",-48.63,-17.85
"Rhipidomys macrurus",-48.33,-17.77
"Rhipidomys macrurus",-47.16,-13.44
"Rhipidomys macrurus",-55.58,-20.45
"Rhipidomys macrurus",-55.29,-20.52
"Rhipidomys macrurus",-55.3,-20.56
"Rhipidomys macrurus",-47.97,-15.73
"Rhipidomys macrurus",-47.96,-15.95
"Rhipidomys macrurus",-47.87,-15.67
"Rhipidomys macrurus",-47.96,-15.63
"Rhipidomys macrurus",-46.85,-11.23
"Rhipidomys macrurus",-47.82,-15.87
"Rhipidomys macrurus",-47.97,-15.96
"Rhipidomys macrurus",-50.72,-18.43
"Rhipidomys macrurus",-55.56,-20.46
"Rhipidomys macrurus",-48.77,-11.33
"Rhipidomys macrurus",-47.84,-15.89
"Rhipidomys macrurus",-47.83,-15.92
"Rhipidomys macrurus",-47.86,-15.94
"Rhipidomys macrurus",-40.88,-4.05
"Rhipidomys macrurus",-40.77,-4.17
"Rhipidomys macrurus",-40.73,-4.27
"Rhipidomys macrurus",-44.4,-15.47
"Rhipidomys macrurus",-44.57,-17.88
"Rhipidomys macrurus",-48.03,-18.9
"Rhipidomys macrurus",-47.67,-19.15
"Rhipidomys macrurus",-47.73,-19.12
"Rhipidomys macrurus",-47.7,-19.17
"Rhipidomys macrurus",-47.55,-19.12
"Rhipidomys macrurus",-47.28,-19.35
"Rhipidomys macrurus",-46.58,-20.3
"Rhipidomys macrurus",-47.92,-15.78
"Rhipidomys macrurus",-46.8,-13.6
"Rhipidomys macrurus",-46.93,-13.85
"Rhipidomys macrurus",-48.97,-16.33
"Rhipidomys macrurus",-48.5,-18
"Rhipidomys macrurus",-55.3,-22.27
"Rhipidomys mastacalis",-37.29,-10.81
"Rhipidomys mastacalis",-37.42,-11.26
"Rhipidomys mastacalis",-39.04,-13.53
"Rhipidomys mastacalis",-39.23,-13.7
"Rhipidomys mastacalis",-39.67,-13.86
"Rhipidomys mastacalis",-39.06,-14.42
"Rhipidomys mastacalis",-39.06,-15.17
"Rhipidomys mastacalis",-39.17,-15.21
"Rhipidomys mastacalis",-39.16,-15.62
"Rhipidomys mastacalis",-38.94,-16.02
"Rhipidomys mastacalis",-39.91,-16.6
"Rhipidomys mastacalis",-39.67,-17.29
"Rhipidomys mastacalis",-40.07,-19.15
"Rhipidomys mastacalis",-42.55,-19.55
"Rhipidomys mastacalis",-43.35,-19.87
"Rhipidomys mastacalis",-40.53,-19.95
"Rhipidomys mastacalis",-40.6,-19.96
"Rhipidomys mastacalis",-40.54,-19.97
"Rhipidomys mastacalis",-40.58,-19.97
"Rhipidomys mastacalis",-40.45,-20.39
"Rhipidomys mastacalis",-44.58,-21.59
"Rhipidomys mastacalis",-42.97,-22.45
"Rhipidomys mastacalis",-46.6,-23.37
"Rhipidomys mastacalis",-46.96,-23.67
"Rhipidomys mastacalis",-43.63,-19.33
"Rhipidomys mastacalis",-43.97,-20.04
"Rhipidomys mastacalis",-44.09,-14.88
"Rhipidomys mastacalis",-35.9,-7.85
"Rhipidomys mastacalis",-36.1,-8.35
"Rhipidomys mastacalis",-35.97,-8.28
"Rhipidomys mastacalis",-36.03,-8.35
"Rhipidomys mastacalis",-36.03,-8.38
"Rhipidomys mastacalis",-36.3,-9.7
"Rhipidomys mastacalis",-39.1,-12.85
"Rhipidomys mastacalis",-40.08,-13.85
"Rhipidomys mastacalis",-39.05,-14.82
"Rhipidomys mastacalis",-39.22,-14.77
"Rhipidomys mastacalis",-39.17,-14.7
"Rhipidomys mastacalis",-39.12,-14.67
"Rhipidomys mastacalis",-40.85,-14.85
"Rhipidomys mastacalis",-39.53,-15.15
"Rhipidomys mastacalis",-39.27,-15.1
"Rhipidomys mastacalis",-39.82,-15.28
"Rhipidomys mastacalis",-39.38,-15.23
"Rhipidomys mastacalis",-39.15,-15.2
"Rhipidomys mastacalis",-39.07,-15.28
"Rhipidomys mastacalis",-39.01,-15.35
"Rhipidomys mastacalis",-39.07,-15.57
"Rhipidomys mastacalis",-39.92,-16.6
"Rhipidomys mastacalis",-39.33,-17.1
"Rhipidomys mastacalis",-39.17,-17.1
"Rhipidomys mastacalis",-39.55,-17.97
"Rhipidomys mastacalis",-39.65,-17.8
"Rhipidomys mastacalis",-40.07,-19.42
"Rhipidomys mastacalis",-40.05,-19.12
"Rhipidomys mastacalis",-42.03,-22.75
"Rhipidomys mastacalis",-42,-16.17
"Rhipidomys mastacalis",-41.08,-16.35
"Rhipidomys mastacalis",-42.22,-16.83
"Rhipidomys mastacalis",-42.77,-17.13
"Rhipidomys mastacalis",-43.9,-18.23
"Rhipidomys mastacalis",-43.6,-18.23
"Rhipidomys mastacalis",-43.38,-18.15
"Rhipidomys mastacalis",-43.62,-19.32
"Rhipidomys mastacalis",-43.58,-19.42
"Rhipidomys mastacalis",-43.88,-19.63
"Rhipidomys mastacalis",-43.93,-19.92
"Rhipidomys mastacalis",-43.9,-19.93
"Rhipidomys mastacalis",-44.18,-20.13
"Rhipidomys mastacalis",-42.65,-19.72
"Sooretamys angouya",-52.37,-22.4
"Sooretamys angouya",-52.28,-22.52
"Sooretamys angouya",-45.08,-23.32
"Sooretamys angouya",-46.96,-23.67
"Sooretamys angouya",-46.95,-23.68
"Sooretamys angouya",-46.95,-23.72
"Sooretamys angouya",-47,-23.74
"Sooretamys angouya",-47.12,-23.77
"Sooretamys angouya",-55.43,-24.15
"Sooretamys angouya",-55.35,-24.54
"Sooretamys angouya",-53.65,-25.07
"Sooretamys angouya",-48.89,-25.47
"Sooretamys angouya",-51.33,-26.43
"Sooretamys angouya",-55.76,-26.46
"Sooretamys angouya",-51.71,-26.58
"Sooretamys angouya",-49.67,-26.7
"Sooretamys angouya",-51.78,-27.14
"Sooretamys angouya",-53.03,-27.44
"Sooretamys angouya",-48.51,-27.6
"Sooretamys angouya",-52.22,-28.04
"Sooretamys angouya",-52.19,-28.32
"Sooretamys angouya",-49.59,-28.61
"Sooretamys angouya",-49.76,-28.84
"Sooretamys angouya",-50.2,-29.32
"Sooretamys angouya",-49.76,-29.37
"Sooretamys angouya",-50.19,-29.38
"Sooretamys angouya",-50.39,-29.42
"Sooretamys angouya",-50.11,-29.51
"Sooretamys angouya",-52.2,-29.58
"Sooretamys angouya",-53.85,-29.79
"Sooretamys angouya",-51.03,-30.23
"Sooretamys angouya",-50.35,-30.38
"Sooretamys angouya",-55.45,-24.12
"Sooretamys angouya",-56.37,-27.63
"Sooretamys angouya",-56.37,-27.62
"Sooretamys angouya",-58.17,-25.97
"Sooretamys angouya",-58,-25.2
"Sooretamys angouya",-54.2,-25.97
"Sooretamys angouya",-54.18,-25.6
"Sooretamys angouya",-55.75,-27.92
"Sooretamys angouya",-54.2,-27.37
"Sooretamys angouya",-54.07,-27.27
"Sooretamys angouya",-53.92,-26.13
"Sooretamys angouya",-54.28,-25.92
"Sooretamys angouya",-55.52,-27.28
"Sooretamys angouya",-55.12,-26.95
"Sooretamys angouya",-55.47,-27.48
"Sooretamys angouya",-54.98,-27.47
"Sooretamys angouya",-54.43,-25.68
"Sooretamys angouya",-54.3,-26.77
"Sooretamys angouya",-54.65,-27.03
"Sooretamys angouya",-54.57,-26.4
"Sooretamys angouya",-55.53,-27.32
"Sooretamys angouya",-54.37,-25.87
"Sooretamys angouya",-54.27,-25.47
"Sooretamys angouya",-54.58,-25.6
"Sooretamys angouya",-55,-27
"Sooretamys angouya",-54.65,-25.68
"Sooretamys angouya",-54.68,-26.43
"Sooretamys angouya",-53.92,-27.13
"Sooretamys angouya",-54.22,-26.92
"Sooretamys angouya",-54.95,-27.08
"Sooretamys angouya",-54.08,-25.98
"Sooretamys angouya",-54.77,-26.62
"Sooretamys angouya",-54.6,-25.9
"Sooretamys angouya",-54.13,-26.63
"Sooretamys angouya",-53.9,-26.47
"Sooretamys angouya",-54.55,-26.1
"Sooretamys angouya",-40.93,-20.47
"Sooretamys angouya",-41.8,-20.37
"Sooretamys angouya",-44.88,-22.28
"Sooretamys angouya",-43.43,-19
"Sooretamys angouya",-46.6,-20.7
"Sooretamys angouya",-46.57,-21.78
"Sooretamys angouya",-44.85,-22.37
"Sooretamys angouya",-49,-25.38
"Sooretamys angouya",-52.12,-25.8
"Sooretamys angouya",-50.3,-27.32
"Sooretamys angouya",-52.17,-25.87
"Sooretamys angouya",-48.97,-25.72
"Sooretamys angouya",-49.67,-24.17
"Sooretamys angouya",-51.27,-23.45
"Sooretamys angouya",-50.03,-25.25
"Sooretamys angouya",-52.63,-23.67
"Sooretamys angouya",-51.63,-25.72
"Sooretamys angouya",-48.82,-25.08
"Sooretamys angouya",-48.83,-25.33
"Sooretamys angouya",-53.1,-25.55
"Sooretamys angouya",-44.02,-22.77
"Sooretamys angouya",-44.72,-23.22
"Sooretamys angouya",-42.98,-22.43
"Sooretamys angouya",-53.33,-28.43
"Sooretamys angouya",-52.23,-27.32
"Sooretamys angouya",-51.93,-28.72
"Sooretamys angouya",-51.08,-29.95
"Sooretamys angouya",-50.92,-31.1
"Sooretamys angouya",-51.18,-29.17
"Sooretamys angouya",-51.23,-30.08
"Sooretamys angouya",-53.6,-28.65
"Sooretamys angouya",-51.98,-29.52
"Sooretamys angouya",-52.45,-31.45
"Sooretamys angouya",-52.52,-30.53
"Sooretamys angouya",-49.8,-29.37
"Sooretamys angouya",-55.27,-28.18
"Sooretamys angouya",-51.9,-28.85
"Sooretamys angouya",-50.27,-29.88
"Sooretamys angouya",-53.03,-27.25
"Sooretamys angouya",-52.88,-27.32
"Sooretamys angouya",-50.18,-29.68
"Sooretamys angouya",-51.52,-31.12
"Sooretamys angouya",-51.18,-28.32
"Sooretamys angouya",-51.4,-28.98
"Sooretamys angouya",-50.83,-29.27
"Sooretamys angouya",-50.1,-29.83
"Sooretamys angouya",-50.13,-29.45
"Sooretamys angouya",-50.3,-29.27
"Sooretamys angouya",-49.72,-29.33
"Sooretamys angouya",-50.13,-29.98
"Sooretamys angouya",-50.27,-29.55
"Sooretamys angouya",-51.55,-27
"Sooretamys angouya",-48.98,-27.58
"Sooretamys angouya",-49.05,-28.58
"Sooretamys angouya",-50.23,-26.07
"Sooretamys angouya",-50.75,-27.9
"Sooretamys angouya",-52.42,-27
"Sooretamys angouya",-52.33,-26.95
"Sooretamys angouya",-48.83,-26.3
"Sooretamys angouya",-49.5,-26.47
"Sooretamys angouya",-50.2,-26.2
"Sooretamys angouya",-48.77,-27.67
"Sooretamys angouya",-48.53,-27.72
"Sooretamys angouya",-52.52,-26.93
"Sooretamys angouya",-49.13,-27.03
"Sooretamys angouya",-48.82,-27.73
"Sooretamys angouya",-49.13,-27.9
"Sooretamys angouya",-48.97,-26.93
"Sooretamys angouya",-48.58,-27.72
"Sooretamys angouya",-49.1,-27.05
"Sooretamys angouya",-50.32,-26.1
"Sooretamys angouya",-52.37,-27.27
"Sooretamys angouya",-53.55,-26.67
"Sooretamys angouya",-48.85,-24.5
"Sooretamys angouya",-47.45,-23.88
"Sooretamys angouya",-49.07,-22.32
"Sooretamys angouya",-48.32,-24.08
"Sooretamys angouya",-45.87,-23.63
"Sooretamys angouya",-48.35,-24.08
"Sooretamys angouya",-47.82,-24.05
"Sooretamys angouya",-45.93,-23.37
"Sooretamys angouya",-47.03,-23.68
"Sooretamys angouya",-46.95,-23.58
"Sooretamys angouya",-46.93,-23.62
"Sooretamys angouya",-47.47,-23.83
"Sooretamys angouya",-47.47,-23.87
"Sooretamys angouya",-44.32,-22.68
"Sooretamys angouya",-48.4,-24.27
"Sooretamys angouya",-48.45,-24.27
"Sooretamys angouya",-48.4,-24.3
"Sooretamys angouya",-47.4,-23.72
"Sooretamys angouya",-46.58,-23.8
"Sooretamys angouya",-47.47,-24.68
"Sooretamys angouya",-45.17,-23.54
"Sooretamys angouya",-47.6,-23.43
"Sooretamys angouya",-48.58,-24.6
"Sooretamys angouya",-48.05,-23.58
"Sooretamys angouya",-49.33,-24.1
"Sooretamys angouya",-48.3,-24.03
"Sooretamys angouya",-48.35,-24.22
"Sooretamys angouya",-48.38,-24.22
"Sooretamys angouya",-46.32,-23.78
"Sooretamys angouya",-45.15,-22.6
"Sooretamys angouya",-46.4,-23.7
"Sooretamys angouya",-49.65,-22.02
"Sooretamys angouya",-49.98,-22.93
"Sooretamys angouya",-52.17,-22.52
"Sooretamys angouya",-47.43,-23.82
"Sooretamys angouya",-55.98,-22.62
"Sooretamys angouya",-55.65,-25.25
"Sooretamys angouya",-55.6,-24.25
"Sooretamys angouya",-57.67,-25.27
"Sooretamys angouya",-57.63,-25.25
"Sooretamys angouya",-56.35,-27.13
"Sooretamys angouya",-56.55,-26.75
"Sooretamys angouya",-56.88,-26.68
"Sooretamys angouya",-56.9,-27.4
"Sooretamys angouya",-56.95,-26.47
"Sooretamys angouya",-57.23,-26.5
"Sooretamys angouya",-57.03,-26.4
"Sooretamys angouya",-57.05,-26.87
"Sooretamys angouya",-58.12,-26.57
"Sooretamys angouya",-57.17,-26
"Sooretamys angouya",-57.15,-25.63
"Sooretamys angouya",-56.92,-25.67
"Sooretamys angouya",-56.6,-23.9
"Thaptomys nigrita",-39.14,-14.02
"Thaptomys nigrita",-39.06,-15.17
"Thaptomys nigrita",-39.17,-15.21
"Thaptomys nigrita",-39.84,-17.17
"Thaptomys nigrita",-40.53,-19.95
"Thaptomys nigrita",-40.6,-19.96
"Thaptomys nigrita",-40.58,-19.97
"Thaptomys nigrita",-44.56,-21.58
"Thaptomys nigrita",-44.56,-21.59
"Thaptomys nigrita",-41.86,-21.87
"Thaptomys nigrita",-42.93,-22.36
"Thaptomys nigrita",-52.37,-22.4
"Thaptomys nigrita",-42.97,-22.45
"Thaptomys nigrita",-52.28,-22.52
"Thaptomys nigrita",-45.08,-23.32
"Thaptomys nigrita",-46.6,-23.37
"Thaptomys nigrita",-45.23,-23.43
"Thaptomys nigrita",-46.96,-23.67
"Thaptomys nigrita",-46.95,-23.68
"Thaptomys nigrita",-46.95,-23.72
"Thaptomys nigrita",-47,-23.74
"Thaptomys nigrita",-47.67,-23.93
"Thaptomys nigrita",-48.1,-24.22
"Thaptomys nigrita",-48.33,-24.29
"Thaptomys nigrita",-54.47,-24.82
"Thaptomys nigrita",-53.65,-25.07
"Thaptomys nigrita",-51.33,-26.43
"Thaptomys nigrita",-55.76,-26.46
"Thaptomys nigrita",-49.67,-26.7
"Thaptomys nigrita",-51.78,-27.14
"Thaptomys nigrita",-53.03,-27.44
"Thaptomys nigrita",-48.51,-27.6
"Thaptomys nigrita",-52.22,-28.04
"Thaptomys nigrita",-52.19,-28.32
"Thaptomys nigrita",-49.6,-28.61
"Thaptomys nigrita",-50.2,-29.32
"Thaptomys nigrita",-49.76,-29.37
"Thaptomys nigrita",-50.39,-29.42
"Thaptomys nigrita",-50.2,-29.49
"Thaptomys nigrita",-50.35,-30.38
"Thaptomys nigrita",-39.18,-14.65
"Thaptomys nigrita",-39.12,-14.8
"Thaptomys nigrita",-39.05,-14.82
"Thaptomys nigrita",-39.32,-14.95
"Thaptomys nigrita",-39.07,-15.3
"Thaptomys nigrita",-40.6,-19.92
"Thaptomys nigrita",-41.7,-20.88
"Thaptomys nigrita",-41.1,-20.85
"Thaptomys nigrita",-41.8,-20.37
"Thaptomys nigrita",-42.47,-20.72
"Thaptomys nigrita",-44.97,-22.38
"Thaptomys nigrita",-45.28,-22.5
"Thaptomys nigrita",-42.68,-22.05
"Thaptomys nigrita",-44.72,-23.22
"Thaptomys nigrita",-46.78,-21.97
"Thaptomys nigrita",-45.58,-22.73
"Thaptomys nigrita",-47.63,-22.72
"Thaptomys nigrita",-45.85,-23.53
"Thaptomys nigrita",-46.03,-23.58
"Thaptomys nigrita",-46.93,-23.62
"Thaptomys nigrita",-46.32,-23.78
"Thaptomys nigrita",-45.35,-23.82
"Thaptomys nigrita",-48.17,-24.02
"Thaptomys nigrita",-47.55,-24.72
"Thaptomys nigrita",-51.95,-23.9
"Thaptomys nigrita",-50.92,-24.2
"Thaptomys nigrita",-50.62,-24.35
"Thaptomys nigrita",-49.07,-25.35
"Thaptomys nigrita",-49.23,-26.43
"Thaptomys nigrita",-53.75,-27.37
"Thaptomys nigrita",-53.75,-22.33
